Workbook

Sheet Accueil
B1: Base de données des pubs de jeux vidéo dans les magazines
B4: Comment c'est organisé
B5: Plateformes | C5: Liste des consoles / machines (déjà pré-remplie, complétez si besoin).
B6: Séries | C6: Liste des séries de jeux (Final Fantasy, Dragon Quest...).
B7: Magazines | C7: Liste des magazines (Famitsu, Dengeki PlayStation...).
B8: Numéros | C8: Facultatif : un numéro par ligne avec sa date de parution. Sert à dater les pubs et à chercher par année.
B9: Jeux | C9: Un jeu par ligne : titre, série, éditeur, année. Les compteurs (nb de pubs, d'apparitions...) sont calculés.
B10: Pubs | C10: Un visuel publicitaire par ligne, avec un ID unique. Un même jeu peut avoir plusieurs pubs (visuels différents).
B11: Apparitions | C11: LE carnet de saisie : une ligne = une pub trouvée dans un numéro de magazine (magazine, n°, page, pub, en vente ○/×).
B12: Recherche | C12: Recherche croisée : pubs d'un numéro, parutions d'un jeu ou d'une pub, par série, plateforme, année, en vente...
B14: Saisie au quotidien
B15: 1. Nouveau jeu ? | C15: L'ajouter dans Jeux (et sa série dans Séries si elle n'existe pas).
B16: 2. Nouvelle pub ? | C16: L'ajouter dans Pubs avec le « Prochain ID libre » affiché en haut à droite de l'onglet, et une description qui permet de la reconnaître.
B17: 3. Chaque pub trouvée | C17: Une ligne dans Apparitions : choisir le magazine, taper le numéro et la page, choisir la pub dans la liste (on peut taper le début du nom du jeu ou juste l'ID), puis ○ ou ×.
B18: Astuce | C18: Pour enchaîner les pubs d'un même numéro : Ctrl+D recopie la cellule du dessus (magazine, numéro).
B20: Codes couleur
B21: En-tête jaune | C21: Colonne à remplir à la main.
B22: En-tête / cellules grises | C22: Calculé automatiquement : ne pas modifier.
B23: Rouge | C23: Doublon (nom ou ID déjà utilisé) ou ×.
B24: Orange | C24: Pub / jeu inconnu, ou même magazine + n° + page saisi deux fois.
B26: Bon à savoir
B27: Données d'exemple | C27: Les lignes marquées « EXEMPLE » (Numéros, Jeux, Pubs, Apparitions) sont fictives : sélectionnez-les, clic droit > Supprimer.
B28: Filtres et tris | C28: Chaque onglet a des filtres (flèches dans l'en-tête) : trier les jeux par nb d'apparitions, filtrer les pubs d'un jeu, etc.
B29: Faire évoluer | C29: On peut ajouter des colonnes à droite de chaque onglet (format, état, prix...). Ne pas renommer les onglets ni supprimer les colonnes grises.
B30: Capacité | C30: Lignes préparées : 5000 apparitions, 3000 pubs, 3000 jeux. Au-delà, recopier la dernière ligne vers le bas.
B31: Renommer un jeu | C31: Si on corrige le titre d'un jeu dans Jeux, le corriger aussi dans Pubs (Rechercher/Remplacer).
B32: Compatibilité | C32: Excel 2010 et plus, LibreOffice. La « 1re parution » demande Excel 2019 / Microsoft 365 (sinon la colonne reste vide).
B34: Chiffres clés
B35: Apparitions | C35: =COUNTIF(Apparitions!$A$2:$A$5001,"?*") -> 8
B36: Pubs différentes | C36: =COUNT(Pubs!$A$2:$A$3001) -> 5
B37: Jeux | C37: =SUMPRODUCT(--(LEN(Jeux!$A$2:$A$3001)>0)) -> 4
B38: Séries | C38: =SUMPRODUCT(--(LEN(Séries!$A$2:$A$1001)>0)) -> 4
B39: Magazines | C39: =SUMPRODUCT(--(LEN(Magazines!$A$2:$A$301)>0)) -> 3
B40: Numéros répertoriés | C40: =SUMPRODUCT(--(LEN(Numéros!$A$2:$A$3001)>0)) -> 5
B41: Apparitions en vente (○) | C41: =COUNTIF(Apparitions!$E$2:$E$5001,"○") -> 4
B42: Prochain ID de pub libre | C42: =MAX(Pubs!$A$2:$A$3001)+1 -> 6

Sheet Recherche
B1: Recherche croisée
B2: Remplissez un ou plusieurs critères (cases jaunes) : les résultats se mettent à jour tout seuls. Critère vide = ignoré. Tous les critères remplis doivent être vrais.
B3: Critère | C3: Valeur | D3: Aide | J3: Synthèse
B4: Magazine | D4: Liste déroulante | J4: Apparitions trouvées | K4: =MAX(Apparitions!$N$1:$N$5001) -> 8
B5: Numéro | D5: Exact (ex. 425) | J5: Pubs différentes | K5: =SUM(O16:O515) -> 5
B6: Année de parution | D6: Ex. 1997 (nécessite la date dans Numéros) | J6: Jeux différents | K6: =SUM(P16:P515) -> 4
B7: Jeu (contient) | D7: Ex. « Final » trouve tous les Final Fantasy | J7: Numéros différents | K7: =SUM(R16:R515) -> 6
B8: Série | D8: Liste déroulante | J8: Dont en vente (○) | K8: =COUNTIF(L16:L515,"○") -> 4
B9: Plateforme | D9: Liste déroulante | J9: Total pages de pub | K9: =SUM(K16:K515) -> 13
B10: ID pub | D10: Toutes les parutions d'une même pub
B11: En vente (○ / ×) | D11: Liste déroulante | J11: =IF(K4>500,"⚠ Seuls les 500 premiers résultats sont affichés : affinez la recherche.","")
B12: Mot-clé | D12: Cherché dans la description de la pub et les remarques
B13: Astuce : pour trouver toutes les parutions d'une pub précise, mettez juste son ID. Pour la liste des pubs d'un numéro : Magazine + Numéro.
A15: (ligne) | B15: Magazine | C15: N° | D15: Date | E15: Page | F15: Jeu | G15: Plateforme | H15: Série | I15: ID pub | J15: Description pub | K15: Nb p. | L15: En vente | M15: Remarques
A16: =IFERROR(MATCH(1,Apparitions!$N$1:$N$5001,0),"") -> 2 | B16: =IF($A16="","",INDEX(Apparitions!$A$1:$A$5001,$A16)&"") -> Weekly Famitsu | C16: =IF($A16="","",INDEX(Apparitions!$B$1:$B$5001,$A16)&"") -> 421 | D16: =IF($A16="","",INDEX(Apparitions!$L$1:$L$5001,$A16)) -> 35433 | E16: =IF($A16="","",INDEX(Apparitions!$C$1:$C$5001,$A16)&"") -> 12 | F16: =IF($A16="","",INDEX(Apparitions!$H$1:$H$5001,$A16)&"") -> Final Fantasy VII | G16: =IF($A16="","",INDEX(Apparitions!$I$1:$I$5001,$A16)&"") -> PlayStation | H16: =IF($A16="","",INDEX(Apparitions!$J$1:$J$5001,$A16)&"") -> Final Fantasy | I16: =IF($A16="","",INDEX(Apparitions!$G$1:$G$5001,$A16)&"") -> 1 | J16: =IF($A16="","",INDEX(Apparitions!$M$1:$M$5001,$A16)&"") -> Cloud devant Midgar | K16: =IF($A16="","",INDEX(Apparitions!$K$1:$K$5001,$A16)) -> 2 | L16: =IF($A16="","",INDEX(Apparitions!$E$1:$E$5001,$A16)&"") -> ○ | M16: =IF($A16="","",INDEX(Apparitions!$F$1:$F$5001,$A16)&"") -> EXEMPLE - à supprimer | O16: =IF(I16="",0,IF(COUNTIF(I$16:I16,I16)=1,1,0)) -> 1 | P16: =IF(F16="",0,IF(COUNTIF(F$16:F16,F16)=1,1,0)) -> 1 | Q16: =IF(B16="","",B16&"|"&C16) -> Weekly Famitsu|421 | R16: =IF(Q16="",0,IF(COUNTIF(Q$16:Q16,Q16)=1,1,0)) -> 1
A17: =IFERROR(MATCH(2,Apparitions!$N$1:$N$5001,0),"") -> 3 | B17: =IF($A17="","",INDEX(Apparitions!$A$1:$A$5001,$A17)&"") -> Weekly Famitsu | C17: =IF($A17="","",INDEX(Apparitions!$B$1:$B$5001,$A17)&"") -> 421 | D17: =IF($A17="","",INDEX(Apparitions!$L$1:$L$5001,$A17)) -> 35433 | E17: =IF($A17="","",INDEX(Apparitions!$C$1:$C$5001,$A17)&"") -> 40 | F17: =IF($A17="","",INDEX(Apparitions!$H$1:$H$5001,$A17)&"") -> Sakura Taisen | G17: =IF($A17="","",INDEX(Apparitions!$I$1:$I$5001,$A17)&"") -> Sega Saturn | H17: =IF($A17="","",INDEX(Apparitions!$J$1:$J$5001,$A17)&"") -> Sakura Taisen | I17: =IF($A17="","",INDEX(Apparitions!$G$1:$G$5001,$A17)&"") -> 4 | J17: =IF($A17="","",INDEX(Apparitions!$M$1:$M$5001,$A17)&"") -> Sakura au sabre | K17: =IF($A17="","",INDEX(Apparitions!$K$1:$K$5001,$A17)) -> 1 | L17: =IF($A17="","",INDEX(Apparitions!$E$1:$E$5001,$A17)&"") -> × | M17: =IF($A17="","",INDEX(Apparitions!$F$1:$F$5001,$A17)&"") -> EXEMPLE - à supprimer | O17: =IF(I17="",0,IF(COUNTIF(I$16:I17,I17)=1,1,0)) -> 1 | P17: =IF(F17="",0,IF(COUNTIF(F$16:F17,F17)=1,1,0)) -> 1 | Q17: =IF(B17="","",B17&"|"&C17) -> Weekly Famitsu|421 | R17: =IF(Q17="",0,IF(COUNTIF(Q$16:Q17,Q17)=1,1,0)) -> 0
A18: =IFERROR(MATCH(3,Apparitions!$N$1:$N$5001,0),"") -> 4 | B18: =IF($A18="","",INDEX(Apparitions!$A$1:$A$5001,$A18)&"") -> Weekly Famitsu | C18: =IF($A18="","",INDEX(Apparitions!$B$1:$B$5001,$A18)&"") -> 425 | D18: =IF($A18="","",INDEX(Apparitions!$L$1:$L$5001,$A18)) -> 35461 | E18: =IF($A18="","",INDEX(Apparitions!$C$1:$C$5001,$A18)&"") -> 8 | F18: =IF($A18="","",INDEX(Apparitions!$H$1:$H$5001,$A18)&"") -> Final Fantasy VII | G18: =IF($A18="","",INDEX(Apparitions!$I$1:$I$5001,$A18)&"") -> PlayStation | H18: =IF($A18="","",INDEX(Apparitions!$J$1:$J$5001,$A18)&"") -> Final Fantasy | I18: =IF($A18="","",INDEX(Apparitions!$G$1:$G$5001,$A18)&"") -> 1 | J18: =IF($A18="","",INDEX(Apparitions!$M$1:$M$5001,$A18)&"") -> Cloud devant Midgar | K18: =IF($A18="","",INDEX(Apparitions!$K$1:$K$5001,$A18)) -> 2 | L18: =IF($A18="","",INDEX(Apparitions!$E$1:$E$5001,$A18)&"") -> × | M18: =IF($A18="","",INDEX(Apparitions!$F$1:$F$5001,$A18)&"") -> EXEMPLE - à supprimer | O18: =IF(I18="",0,IF(COUNTIF(I$16:I18,I18)=1,1,0)) -> 0 | P18: =IF(F18="",0,IF(COUNTIF(F$16:F18,F18)=1,1,0)) -> 0 | Q18: =IF(B18="","",B18&"|"&C18) -> Weekly Famitsu|425 | R18: =IF(Q18="",0,IF(COUNTIF(Q$16:Q18,Q18)=1,1,0)) -> 1
A19: =IFERROR(MATCH(4,Apparitions!$N$1:$N$5001,0),"") -> 5 | B19: =IF($A19="","",INDEX(Apparitions!$A$1:$A$5001,$A19)&"") -> Weekly Famitsu | C19: =IF($A19="","",INDEX(Apparitions!$B$1:$B$5001,$A19)&"") -> 430 | D19: =IF($A19="","",INDEX(Apparitions!$L$1:$L$5001,$A19)) -> 35496 | E19: =IF($A19="","",INDEX(Apparitions!$C$1:$C$5001,$A19)&"") -> 2 | F19: =IF($A19="","",INDEX(Apparitions!$H$1:$H$5001,$A19)&"") -> Final Fantasy VII | G19: =IF($A19="","",INDEX(Apparitions!$I$1:$I$5001,$A19)&"") -> PlayStation | H19: =IF($A19="","",INDEX(Apparitions!$J$1:$J$5001,$A19)&"") -> Final Fantasy | I19: =IF($A19="","",INDEX(Apparitions!$G$1:$G$5001,$A19)&"") -> 2 | J19: =IF($A19="","",INDEX(Apparitions!$M$1:$M$5001,$A19)&"") -> Aerith, fond fleurs | K19: =IF($A19="","",INDEX(Apparitions!$K$1:$K$5001,$A19)) -> 1 | L19: =IF($A19="","",INDEX(Apparitions!$E$1:$E$5001,$A19)&"") -> ○ | M19: =IF($A19="","",INDEX(Apparitions!$F$1:$F$5001,$A19)&"") -> EXEMPLE - à supprimer | O19: =IF(I19="",0,IF(COUNTIF(I$16:I19,I19)=1,1,0)) -> 1 | P19: =IF(F19="",0,IF(COUNTIF(F$16:F19,F19)=1,1,0)) -> 0 | Q19: =IF(B19="","",B19&"|"&C19) -> Weekly Famitsu|430 | R19: =IF(Q19="",0,IF(COUNTIF(Q$16:Q19,Q19)=1,1,0)) -> 1
A20: =IFERROR(MATCH(5,Apparitions!$N$1:$N$5001,0),"") -> 6 | B20: =IF($A20="","",INDEX(Apparitions!$A$1:$A$5001,$A20)&"") -> Dengeki PlayStation | C20: =IF($A20="","",INDEX(Apparitions!$B$1:$B$5001,$A20)&"") -> 38 | D20: =IF($A20="","",INDEX(Apparitions!$L$1:$L$5001,$A20)) -> 35440 | E20: =IF($A20="","",INDEX(Apparitions!$C$1:$C$5001,$A20)&"") -> 2 | F20: =IF($A20="","",INDEX(Apparitions!$H$1:$H$5001,$A20)&"") -> Final Fantasy VII | G20: =IF($A20="","",INDEX(Apparitions!$I$1:$I$5001,$A20)&"") -> PlayStation | H20: =IF($A20="","",INDEX(Apparitions!$J$1:$J$5001,$A20)&"") -> Final Fantasy | I20: =IF($A20="","",INDEX(Apparitions!$G$1:$G$5001,$A20)&"") -> 1 | J20: =IF($A20="","",INDEX(Apparitions!$M$1:$M$5001,$A20)&"") -> Cloud devant Midgar | K20: =IF($A20="","",INDEX(Apparitions!$K$1:$K$5001,$A20)) -> 2 | L20: =IF($A20="","",INDEX(Apparitions!$E$1:$E$5001,$A20)&"") -> ○ | M20: =IF($A20="","",INDEX(Apparitions!$F$1:$F$5001,$A20)&"") -> EXEMPLE - à supprimer | O20: =IF(I20="",0,IF(COUNTIF(I$16:I20,I20)=1,1,0)) -> 0 | P20: =IF(F20="",0,IF(COUNTIF(F$16:F20,F20)=1,1,0)) -> 0 | Q20: =IF(B20="","",B20&"|"&C20) -> Dengeki PlayStation|38 | R20: =IF(Q20="",0,IF(COUNTIF(Q$16:Q20,Q20)=1,1,0)) -> 1
A21: =IFERROR(MATCH(6,Apparitions!$N$1:$N$5001,0),"") -> 7 | B21: =IF($A21="","",INDEX(Apparitions!$A$1:$A$5001,$A21)&"") -> Dengeki PlayStation | C21: =IF($A21="","",INDEX(Apparitions!$B$1:$B$5001,$A21)&"") -> 38 | D21: =IF($A21="","",INDEX(Apparitions!$L$1:$L$5001,$A21)) -> 35440 | E21: =IF($A21="","",INDEX(Apparitions!$C$1:$C$5001,$A21)&"") -> 100 | F21: =IF($A21="","",INDEX(Apparitions!$H$1:$H$5001,$A21)&"") -> Biohazard 2 | G21: =IF($A21="","",INDEX(Apparitions!$I$1:$I$5001,$A21)&"") -> PlayStation | H21: =IF($A21="","",INDEX(Apparitions!$J$1:$J$5001,$A21)&"") -> Biohazard | I21: =IF($A21="","",INDEX(Apparitions!$G$1:$G$5001,$A21)&"") -> 3 | J21: =IF($A21="","",INDEX(Apparitions!$M$1:$M$5001,$A21)&"") -> Leon & Claire | K21: =IF($A21="","",INDEX(Apparitions!$K$1:$K$5001,$A21)) -> 2 | L21: =IF($A21="","",INDEX(Apparitions!$E$1:$E$5001,$A21)&"") -> × | M21: =IF($A21="","",INDEX(Apparitions!$F$1:$F$5001,$A21)&"") -> EXEMPLE - à supprimer | O21: =IF(I21="",0,IF(COUNTIF(I$16:I21,I21)=1,1,0)) -> 1 | P21: =IF(F21="",0,IF(COUNTIF(F$16:F21,F21)=1,1,0)) -> 1 | Q21: =IF(B21="","",B21&"|"&C21) -> Dengeki PlayStation|38 | R21: =IF(Q21="",0,IF(COUNTIF(Q$16:Q21,Q21)=1,1,0)) -> 0
A22: =IFERROR(MATCH(7,Apparitions!$N$1:$N$5001,0),"") -> 8 | B22: =IF($A22="","",INDEX(Apparitions!$A$1:$A$5001,$A22)&"") -> Sega Saturn Magazine | C22: =IF($A22="","",INDEX(Apparitions!$B$1:$B$5001,$A22)&"") -> 5 | D22: =IF($A22="","",INDEX(Apparitions!$L$1:$L$5001,$A22)) -> 35309 | E22: =IF($A22="","",INDEX(Apparitions!$C$1:$C$5001,$A22)&"") -> 1 | F22: =IF($A22="","",INDEX(Apparitions!$H$1:$H$5001,$A22)&"") -> Sakura Taisen | G22: =IF($A22="","",INDEX(Apparitions!$I$1:$I$5001,$A22)&"") -> Sega Saturn | H22: =IF($A22="","",INDEX(Apparitions!$J$1:$J$5001,$A22)&"") -> Sakura Taisen | I22: =IF($A22="","",INDEX(Apparitions!$G$1:$G$5001,$A22)&"") -> 4 | J22: =IF($A22="","",INDEX(Apparitions!$M$1:$M$5001,$A22)&"") -> Sakura au sabre | K22: =IF($A22="","",INDEX(Apparitions!$K$1:$K$5001,$A22)) -> 1 | L22: =IF($A22="","",INDEX(Apparitions!$E$1:$E$5001,$A22)&"") -> ○ | M22: =IF($A22="","",INDEX(Apparitions!$F$1:$F$5001,$A22)&"") -> EXEMPLE - à supprimer | O22: =IF(I22="",0,IF(COUNTIF(I$16:I22,I22)=1,1,0)) -> 0 | P22: =IF(F22="",0,IF(COUNTIF(F$16:F22,F22)=1,1,0)) -> 0 | Q22: =IF(B22="","",B22&"|"&C22) -> Sega Saturn Magazine|5 | R22: =IF(Q22="",0,IF(COUNTIF(Q$16:Q22,Q22)=1,1,0)) -> 1
A23: =IFERROR(MATCH(8,Apparitions!$N$1:$N$5001,0),"") -> 9 | B23: =IF($A23="","",INDEX(Apparitions!$A$1:$A$5001,$A23)&"") -> Weekly Famitsu | C23: =IF($A23="","",INDEX(Apparitions!$B$1:$B$5001,$A23)&"") -> 600 | D23: =IF($A23="","",INDEX(Apparitions!$L$1:$L$5001,$A23)) | E23: =IF($A23="","",INDEX(Apparitions!$C$1:$C$5001,$A23)&"") -> 4 | F23: =IF($A23="","",INDEX(Apparitions!$H$1:$H$5001,$A23)&"") -> Dragon Quest VII | G23: =IF($A23="","",INDEX(Apparitions!$I$1:$I$5001,$A23)&"") -> PlayStation | H23: =IF($A23="","",INDEX(Apparitions!$J$1:$J$5001,$A23)&"") -> Dragon Quest | I23: =IF($A23="","",INDEX(Apparitions!$G$1:$G$5001,$A23)&"") -> 5 | J23: =IF($A23="","",INDEX(Apparitions!$M$1:$M$5001,$A23)&"") -> Logo + illustration | K23: =IF($A23="","",INDEX(Apparitions!$K$1:$K$5001,$A23)) -> 2 | L23: =IF($A23="","",INDEX(Apparitions!$E$1:$E$5001,$A23)&"") -> × | M23: =IF($A23="","",INDEX(Apparitions!$F$1:$F$5001,$A23)&"") -> EXEMPLE - à supprimer | O23: =IF(I23="",0,IF(COUNTIF(I$16:I23,I23)=1,1,0)) -> 1 | P23: =IF(F23="",0,IF(COUNTIF(F$16:F23,F23)=1,1,0)) -> 1 | Q23: =IF(B23="","",B23&"|"&C23) -> Weekly Famitsu|600 | R23: =IF(Q23="",0,IF(COUNTIF(Q$16:Q23,Q23)=1,1,0)) -> 1
A24: =IFERROR(MATCH(9,Apparitions!$N$1:$N$5001,0),"") | B24: =IF($A24="","",INDEX(Apparitions!$A$1:$A$5001,$A24)&"") | C24: =IF($A24="","",INDEX(Apparitions!$B$1:$B$5001,$A24)&"") | D24: =IF($A24="","",INDEX(Apparitions!$L$1:$L$5001,$A24)) | E24: =IF($A24="","",INDEX(Apparitions!$C$1:$C$5001,$A24)&"") | F24: =IF($A24="","",INDEX(Apparitions!$H$1:$H$5001,$A24)&"") | G24: =IF($A24="","",INDEX(Apparitions!$I$1:$I$5001,$A24)&"") | H24: =IF($A24="","",INDEX(Apparitions!$J$1:$J$5001,$A24)&"") | I24: =IF($A24="","",INDEX(Apparitions!$G$1:$G$5001,$A24)&"") | J24: =IF($A24="","",INDEX(Apparitions!$M$1:$M$5001,$A24)&"") | K24: =IF($A24="","",INDEX(Apparitions!$K$1:$K$5001,$A24)) | L24: =IF($A24="","",INDEX(Apparitions!$E$1:$E$5001,$A24)&"") | M24: =IF($A24="","",INDEX(Apparitions!$F$1:$F$5001,$A24)&"") | O24: =IF(I24="",0,IF(COUNTIF(I$16:I24,I24)=1,1,0)) -> 0 | P24: =IF(F24="",0,IF(COUNTIF(F$16:F24,F24)=1,1,0)) -> 0 | Q24: =IF(B24="","",B24&"|"&C24) | R24: =IF(Q24="",0,IF(COUNTIF(Q$16:Q24,Q24)=1,1,0)) -> 0
A25: =IFERROR(MATCH(10,Apparitions!$N$1:$N$5001,0),"") | B25: =IF($A25="","",INDEX(Apparitions!$A$1:$A$5001,$A25)&"") | C25: =IF($A25="","",INDEX(Apparitions!$B$1:$B$5001,$A25)&"") | D25: =IF($A25="","",INDEX(Apparitions!$L$1:$L$5001,$A25)) | E25: =IF($A25="","",INDEX(Apparitions!$C$1:$C$5001,$A25)&"") | F25: =IF($A25="","",INDEX(Apparitions!$H$1:$H$5001,$A25)&"") | G25: =IF($A25="","",INDEX(Apparitions!$I$1:$I$5001,$A25)&"") | H25: =IF($A25="","",INDEX(Apparitions!$J$1:$J$5001,$A25)&"") | I25: =IF($A25="","",INDEX(Apparitions!$G$1:$G$5001,$A25)&"") | J25: =IF($A25="","",INDEX(Apparitions!$M$1:$M$5001,$A25)&"") | K25: =IF($A25="","",INDEX(Apparitions!$K$1:$K$5001,$A25)) | L25: =IF($A25="","",INDEX(Apparitions!$E$1:$E$5001,$A25)&"") | M25: =IF($A25="","",INDEX(Apparitions!$F$1:$F$5001,$A25)&"") | O25: =IF(I25="",0,IF(COUNTIF(I$16:I25,I25)=1,1,0)) -> 0 | P25: =IF(F25="",0,IF(COUNTIF(F$16:F25,F25)=1,1,0)) -> 0 | Q25: =IF(B25="","",B25&"|"&C25) | R25: =IF(Q25="",0,IF(COUNTIF(Q$16:Q25,Q25)=1,1,0)) -> 0
A26: =IFERROR(MATCH(11,Apparitions!$N$1:$N$5001,0),"") | B26: =IF($A26="","",INDEX(Apparitions!$A$1:$A$5001,$A26)&"") | C26: =IF($A26="","",INDEX(Apparitions!$B$1:$B$5001,$A26)&"") | D26: =IF($A26="","",INDEX(Apparitions!$L$1:$L$5001,$A26)) | E26: =IF($A26="","",INDEX(Apparitions!$C$1:$C$5001,$A26)&"") | F26: =IF($A26="","",INDEX(Apparitions!$H$1:$H$5001,$A26)&"") | G26: =IF($A26="","",INDEX(Apparitions!$I$1:$I$5001,$A26)&"") | H26: =IF($A26="","",INDEX(Apparitions!$J$1:$J$5001,$A26)&"") | I26: =IF($A26="","",INDEX(Apparitions!$G$1:$G$5001,$A26)&"") | J26: =IF($A26="","",INDEX(Apparitions!$M$1:$M$5001,$A26)&"") | K26: =IF($A26="","",INDEX(Apparitions!$K$1:$K$5001,$A26)) | L26: =IF($A26="","",INDEX(Apparitions!$E$1:$E$5001,$A26)&"") | M26: =IF($A26="","",INDEX(Apparitions!$F$1:$F$5001,$A26)&"") | O26: =IF(I26="",0,IF(COUNTIF(I$16:I26,I26)=1,1,0)) -> 0 | P26: =IF(F26="",0,IF(COUNTIF(F$16:F26,F26)=1,1,0)) -> 0 | Q26: =IF(B26="","",B26&"|"&C26) | R26: =IF(Q26="",0,IF(COUNTIF(Q$16:Q26,Q26)=1,1,0)) -> 0
A27: =IFERROR(MATCH(12,Apparitions!$N$1:$N$5001,0),"") | B27: =IF($A27="","",INDEX(Apparitions!$A$1:$A$5001,$A27)&"") | C27: =IF($A27="","",INDEX(Apparitions!$B$1:$B$5001,$A27)&"") | D27: =IF($A27="","",INDEX(Apparitions!$L$1:$L$5001,$A27)) | E27: =IF($A27="","",INDEX(Apparitions!$C$1:$C$5001,$A27)&"") | F27: =IF($A27="","",INDEX(Apparitions!$H$1:$H$5001,$A27)&"") | G27: =IF($A27="","",INDEX(Apparitions!$I$1:$I$5001,$A27)&"") | H27: =IF($A27="","",INDEX(Apparitions!$J$1:$J$5001,$A27)&"") | I27: =IF($A27="","",INDEX(Apparitions!$G$1:$G$5001,$A27)&"") | J27: =IF($A27="","",INDEX(Apparitions!$M$1:$M$5001,$A27)&"") | K27: =IF($A27="","",INDEX(Apparitions!$K$1:$K$5001,$A27)) | L27: =IF($A27="","",INDEX(Apparitions!$E$1:$E$5001,$A27)&"") | M27: =IF($A27="","",INDEX(Apparitions!$F$1:$F$5001,$A27)&"") | O27: =IF(I27="",0,IF(COUNTIF(I$16:I27,I27)=1,1,0)) -> 0 | P27: =IF(F27="",0,IF(COUNTIF(F$16:F27,F27)=1,1,0)) -> 0 | Q27: =IF(B27="","",B27&"|"&C27) | R27: =IF(Q27="",0,IF(COUNTIF(Q$16:Q27,Q27)=1,1,0)) -> 0
A28: =IFERROR(MATCH(13,Apparitions!$N$1:$N$5001,0),"") | B28: =IF($A28="","",INDEX(Apparitions!$A$1:$A$5001,$A28)&"") | C28: =IF($A28="","",INDEX(Apparitions!$B$1:$B$5001,$A28)&"") | D28: =IF($A28="","",INDEX(Apparitions!$L$1:$L$5001,$A28)) | E28: =IF($A28="","",INDEX(Apparitions!$C$1:$C$5001,$A28)&"") | F28: =IF($A28="","",INDEX(Apparitions!$H$1:$H$5001,$A28)&"") | G28: =IF($A28="","",INDEX(Apparitions!$I$1:$I$5001,$A28)&"") | H28: =IF($A28="","",INDEX(Apparitions!$J$1:$J$5001,$A28)&"") | I28: =IF($A28="","",INDEX(Apparitions!$G$1:$G$5001,$A28)&"") | J28: =IF($A28="","",INDEX(Apparitions!$M$1:$M$5001,$A28)&"") | K28: =IF($A28="","",INDEX(Apparitions!$K$1:$K$5001,$A28)) | L28: =IF($A28="","",INDEX(Apparitions!$E$1:$E$5001,$A28)&"") | M28: =IF($A28="","",INDEX(Apparitions!$F$1:$F$5001,$A28)&"") | O28: =IF(I28="",0,IF(COUNTIF(I$16:I28,I28)=1,1,0)) -> 0 | P28: =IF(F28="",0,IF(COUNTIF(F$16:F28,F28)=1,1,0)) -> 0 | Q28: =IF(B28="","",B28&"|"&C28) | R28: =IF(Q28="",0,IF(COUNTIF(Q$16:Q28,Q28)=1,1,0)) -> 0
A29: =IFERROR(MATCH(14,Apparitions!$N$1:$N$5001,0),"") | B29: =IF($A29="","",INDEX(Apparitions!$A$1:$A$5001,$A29)&"") | C29: =IF($A29="","",INDEX(Apparitions!$B$1:$B$5001,$A29)&"") | D29: =IF($A29="","",INDEX(Apparitions!$L$1:$L$5001,$A29)) | E29: =IF($A29="","",INDEX(Apparitions!$C$1:$C$5001,$A29)&"") | F29: =IF($A29="","",INDEX(Apparitions!$H$1:$H$5001,$A29)&"") | G29: =IF($A29="","",INDEX(Apparitions!$I$1:$I$5001,$A29)&"") | H29: =IF($A29="","",INDEX(Apparitions!$J$1:$J$5001,$A29)&"") | I29: =IF($A29="","",INDEX(Apparitions!$G$1:$G$5001,$A29)&"") | J29: =IF($A29="","",INDEX(Apparitions!$M$1:$M$5001,$A29)&"") | K29: =IF($A29="","",INDEX(Apparitions!$K$1:$K$5001,$A29)) | L29: =IF($A29="","",INDEX(Apparitions!$E$1:$E$5001,$A29)&"") | M29: =IF($A29="","",INDEX(Apparitions!$F$1:$F$5001,$A29)&"") | O29: =IF(I29="",0,IF(COUNTIF(I$16:I29,I29)=1,1,0)) -> 0 | P29: =IF(F29="",0,IF(COUNTIF(F$16:F29,F29)=1,1,0)) -> 0 | Q29: =IF(B29="","",B29&"|"&C29) | R29: =IF(Q29="",0,IF(COUNTIF(Q$16:Q29,Q29)=1,1,0)) -> 0
A30: =IFERROR(MATCH(15,Apparitions!$N$1:$N$5001,0),"") | B30: =IF($A30="","",INDEX(Apparitions!$A$1:$A$5001,$A30)&"") | C30: =IF($A30="","",INDEX(Apparitions!$B$1:$B$5001,$A30)&"") | D30: =IF($A30="","",INDEX(Apparitions!$L$1:$L$5001,$A30)) | E30: =IF($A30="","",INDEX(Apparitions!$C$1:$C$5001,$A30)&"") | F30: =IF($A30="","",INDEX(Apparitions!$H$1:$H$5001,$A30)&"") | G30: =IF($A30="","",INDEX(Apparitions!$I$1:$I$5001,$A30)&"") | H30: =IF($A30="","",INDEX(Apparitions!$J$1:$J$5001,$A30)&"") | I30: =IF($A30="","",INDEX(Apparitions!$G$1:$G$5001,$A30)&"") | J30: =IF($A30="","",INDEX(Apparitions!$M$1:$M$5001,$A30)&"") | K30: =IF($A30="","",INDEX(Apparitions!$K$1:$K$5001,$A30)) | L30: =IF($A30="","",INDEX(Apparitions!$E$1:$E$5001,$A30)&"") | M30: =IF($A30="","",INDEX(Apparitions!$F$1:$F$5001,$A30)&"") | O30: =IF(I30="",0,IF(COUNTIF(I$16:I30,I30)=1,1,0)) -> 0 | P30: =IF(F30="",0,IF(COUNTIF(F$16:F30,F30)=1,1,0)) -> 0 | Q30: =IF(B30="","",B30&"|"&C30) | R30: =IF(Q30="",0,IF(COUNTIF(Q$16:Q30,Q30)=1,1,0)) -> 0
A31: =IFERROR(MATCH(16,Apparitions!$N$1:$N$5001,0),"") | B31: =IF($A31="","",INDEX(Apparitions!$A$1:$A$5001,$A31)&"") | C31: =IF($A31="","",INDEX(Apparitions!$B$1:$B$5001,$A31)&"") | D31: =IF($A31="","",INDEX(Apparitions!$L$1:$L$5001,$A31)) | E31: =IF($A31="","",INDEX(Apparitions!$C$1:$C$5001,$A31)&"") | F31: =IF($A31="","",INDEX(Apparitions!$H$1:$H$5001,$A31)&"") | G31: =IF($A31="","",INDEX(Apparitions!$I$1:$I$5001,$A31)&"") | H31: =IF($A31="","",INDEX(Apparitions!$J$1:$J$5001,$A31)&"") | I31: =IF($A31="","",INDEX(Apparitions!$G$1:$G$5001,$A31)&"") | J31: =IF($A31="","",INDEX(Apparitions!$M$1:$M$5001,$A31)&"") | K31: =IF($A31="","",INDEX(Apparitions!$K$1:$K$5001,$A31)) | L31: =IF($A31="","",INDEX(Apparitions!$E$1:$E$5001,$A31)&"") | M31: =IF($A31="","",INDEX(Apparitions!$F$1:$F$5001,$A31)&"") | O31: =IF(I31="",0,IF(COUNTIF(I$16:I31,I31)=1,1,0)) -> 0 | P31: =IF(F31="",0,IF(COUNTIF(F$16:F31,F31)=1,1,0)) -> 0 | Q31: =IF(B31="","",B31&"|"&C31) | R31: =IF(Q31="",0,IF(COUNTIF(Q$16:Q31,Q31)=1,1,0)) -> 0
A32: =IFERROR(MATCH(17,Apparitions!$N$1:$N$5001,0),"") | B32: =IF($A32="","",INDEX(Apparitions!$A$1:$A$5001,$A32)&"") | C32: =IF($A32="","",INDEX(Apparitions!$B$1:$B$5001,$A32)&"") | D32: =IF($A32="","",INDEX(Apparitions!$L$1:$L$5001,$A32)) | E32: =IF($A32="","",INDEX(Apparitions!$C$1:$C$5001,$A32)&"") | F32: =IF($A32="","",INDEX(Apparitions!$H$1:$H$5001,$A32)&"") | G32: =IF($A32="","",INDEX(Apparitions!$I$1:$I$5001,$A32)&"") | H32: =IF($A32="","",INDEX(Apparitions!$J$1:$J$5001,$A32)&"") | I32: =IF($A32="","",INDEX(Apparitions!$G$1:$G$5001,$A32)&"") | J32: =IF($A32="","",INDEX(Apparitions!$M$1:$M$5001,$A32)&"") | K32: =IF($A32="","",INDEX(Apparitions!$K$1:$K$5001,$A32)) | L32: =IF($A32="","",INDEX(Apparitions!$E$1:$E$5001,$A32)&"") | M32: =IF($A32="","",INDEX(Apparitions!$F$1:$F$5001,$A32)&"") | O32: =IF(I32="",0,IF(COUNTIF(I$16:I32,I32)=1,1,0)) -> 0 | P32: =IF(F32="",0,IF(COUNTIF(F$16:F32,F32)=1,1,0)) -> 0 | Q32: =IF(B32="","",B32&"|"&C32) | R32: =IF(Q32="",0,IF(COUNTIF(Q$16:Q32,Q32)=1,1,0)) -> 0
A33: =IFERROR(MATCH(18,Apparitions!$N$1:$N$5001,0),"") | B33: =IF($A33="","",INDEX(Apparitions!$A$1:$A$5001,$A33)&"") | C33: =IF($A33="","",INDEX(Apparitions!$B$1:$B$5001,$A33)&"") | D33: =IF($A33="","",INDEX(Apparitions!$L$1:$L$5001,$A33)) | E33: =IF($A33="","",INDEX(Apparitions!$C$1:$C$5001,$A33)&"") | F33: =IF($A33="","",INDEX(Apparitions!$H$1:$H$5001,$A33)&"") | G33: =IF($A33="","",INDEX(Apparitions!$I$1:$I$5001,$A33)&"") | H33: =IF($A33="","",INDEX(Apparitions!$J$1:$J$5001,$A33)&"") | I33: =IF($A33="","",INDEX(Apparitions!$G$1:$G$5001,$A33)&"") | J33: =IF($A33="","",INDEX(Apparitions!$M$1:$M$5001,$A33)&"") | K33: =IF($A33="","",INDEX(Apparitions!$K$1:$K$5001,$A33)) | L33: =IF($A33="","",INDEX(Apparitions!$E$1:$E$5001,$A33)&"") | M33: =IF($A33="","",INDEX(Apparitions!$F$1:$F$5001,$A33)&"") | O33: =IF(I33="",0,IF(COUNTIF(I$16:I33,I33)=1,1,0)) -> 0 | P33: =IF(F33="",0,IF(COUNTIF(F$16:F33,F33)=1,1,0)) -> 0 | Q33: =IF(B33="","",B33&"|"&C33) | R33: =IF(Q33="",0,IF(COUNTIF(Q$16:Q33,Q33)=1,1,0)) -> 0
A34: =IFERROR(MATCH(19,Apparitions!$N$1:$N$5001,0),"") | B34: =IF($A34="","",INDEX(Apparitions!$A$1:$A$5001,$A34)&"") | C34: =IF($A34="","",INDEX(Apparitions!$B$1:$B$5001,$A34)&"") | D34: =IF($A34="","",INDEX(Apparitions!$L$1:$L$5001,$A34)) | E34: =IF($A34="","",INDEX(Apparitions!$C$1:$C$5001,$A34)&"") | F34: =IF($A34="","",INDEX(Apparitions!$H$1:$H$5001,$A34)&"") | G34: =IF($A34="","",INDEX(Apparitions!$I$1:$I$5001,$A34)&"") | H34: =IF($A34="","",INDEX(Apparitions!$J$1:$J$5001,$A34)&"") | I34: =IF($A34="","",INDEX(Apparitions!$G$1:$G$5001,$A34)&"") | J34: =IF($A34="","",INDEX(Apparitions!$M$1:$M$5001,$A34)&"") | K34: =IF($A34="","",INDEX(Apparitions!$K$1:$K$5001,$A34)) | L34: =IF($A34="","",INDEX(Apparitions!$E$1:$E$5001,$A34)&"") | M34: =IF($A34="","",INDEX(Apparitions!$F$1:$F$5001,$A34)&"") | O34: =IF(I34="",0,IF(COUNTIF(I$16:I34,I34)=1,1,0)) -> 0 | P34: =IF(F34="",0,IF(COUNTIF(F$16:F34,F34)=1,1,0)) -> 0 | Q34: =IF(B34="","",B34&"|"&C34) | R34: =IF(Q34="",0,IF(COUNTIF(Q$16:Q34,Q34)=1,1,0)) -> 0
A35: =IFERROR(MATCH(20,Apparitions!$N$1:$N$5001,0),"") | B35: =IF($A35="","",INDEX(Apparitions!$A$1:$A$5001,$A35)&"") | C35: =IF($A35="","",INDEX(Apparitions!$B$1:$B$5001,$A35)&"") | D35: =IF($A35="","",INDEX(Apparitions!$L$1:$L$5001,$A35)) | E35: =IF($A35="","",INDEX(Apparitions!$C$1:$C$5001,$A35)&"") | F35: =IF($A35="","",INDEX(Apparitions!$H$1:$H$5001,$A35)&"") | G35: =IF($A35="","",INDEX(Apparitions!$I$1:$I$5001,$A35)&"") | H35: =IF($A35="","",INDEX(Apparitions!$J$1:$J$5001,$A35)&"") | I35: =IF($A35="","",INDEX(Apparitions!$G$1:$G$5001,$A35)&"") | J35: =IF($A35="","",INDEX(Apparitions!$M$1:$M$5001,$A35)&"") | K35: =IF($A35="","",INDEX(Apparitions!$K$1:$K$5001,$A35)) | L35: =IF($A35="","",INDEX(Apparitions!$E$1:$E$5001,$A35)&"") | M35: =IF($A35="","",INDEX(Apparitions!$F$1:$F$5001,$A35)&"") | O35: =IF(I35="",0,IF(COUNTIF(I$16:I35,I35)=1,1,0)) -> 0 | P35: =IF(F35="",0,IF(COUNTIF(F$16:F35,F35)=1,1,0)) -> 0 | Q35: =IF(B35="","",B35&"|"&C35) | R35: =IF(Q35="",0,IF(COUNTIF(Q$16:Q35,Q35)=1,1,0)) -> 0
A36: =IFERROR(MATCH(21,Apparitions!$N$1:$N$5001,0),"") | B36: =IF($A36="","",INDEX(Apparitions!$A$1:$A$5001,$A36)&"") | C36: =IF($A36="","",INDEX(Apparitions!$B$1:$B$5001,$A36)&"") | D36: =IF($A36="","",INDEX(Apparitions!$L$1:$L$5001,$A36)) | E36: =IF($A36="","",INDEX(Apparitions!$C$1:$C$5001,$A36)&"") | F36: =IF($A36="","",INDEX(Apparitions!$H$1:$H$5001,$A36)&"") | G36: =IF($A36="","",INDEX(Apparitions!$I$1:$I$5001,$A36)&"") | H36: =IF($A36="","",INDEX(Apparitions!$J$1:$J$5001,$A36)&"") | I36: =IF($A36="","",INDEX(Apparitions!$G$1:$G$5001,$A36)&"") | J36: =IF($A36="","",INDEX(Apparitions!$M$1:$M$5001,$A36)&"") | K36: =IF($A36="","",INDEX(Apparitions!$K$1:$K$5001,$A36)) | L36: =IF($A36="","",INDEX(Apparitions!$E$1:$E$5001,$A36)&"") | M36: =IF($A36="","",INDEX(Apparitions!$F$1:$F$5001,$A36)&"") | O36: =IF(I36="",0,IF(COUNTIF(I$16:I36,I36)=1,1,0)) -> 0 | P36: =IF(F36="",0,IF(COUNTIF(F$16:F36,F36)=1,1,0)) -> 0 | Q36: =IF(B36="","",B36&"|"&C36) | R36: =IF(Q36="",0,IF(COUNTIF(Q$16:Q36,Q36)=1,1,0)) -> 0
A37: =IFERROR(MATCH(22,Apparitions!$N$1:$N$5001,0),"") | B37: =IF($A37="","",INDEX(Apparitions!$A$1:$A$5001,$A37)&"") | C37: =IF($A37="","",INDEX(Apparitions!$B$1:$B$5001,$A37)&"") | D37: =IF($A37="","",INDEX(Apparitions!$L$1:$L$5001,$A37)) | E37: =IF($A37="","",INDEX(Apparitions!$C$1:$C$5001,$A37)&"") | F37: =IF($A37="","",INDEX(Apparitions!$H$1:$H$5001,$A37)&"") | G37: =IF($A37="","",INDEX(Apparitions!$I$1:$I$5001,$A37)&"") | H37: =IF($A37="","",INDEX(Apparitions!$J$1:$J$5001,$A37)&"") | I37: =IF($A37="","",INDEX(Apparitions!$G$1:$G$5001,$A37)&"") | J37: =IF($A37="","",INDEX(Apparitions!$M$1:$M$5001,$A37)&"") | K37: =IF($A37="","",INDEX(Apparitions!$K$1:$K$5001,$A37)) | L37: =IF($A37="","",INDEX(Apparitions!$E$1:$E$5001,$A37)&"") | M37: =IF($A37="","",INDEX(Apparitions!$F$1:$F$5001,$A37)&"") | O37: =IF(I37="",0,IF(COUNTIF(I$16:I37,I37)=1,1,0)) -> 0 | P37: =IF(F37="",0,IF(COUNTIF(F$16:F37,F37)=1,1,0)) -> 0 | Q37: =IF(B37="","",B37&"|"&C37) | R37: =IF(Q37="",0,IF(COUNTIF(Q$16:Q37,Q37)=1,1,0)) -> 0
A38: =IFERROR(MATCH(23,Apparitions!$N$1:$N$5001,0),"") | B38: =IF($A38="","",INDEX(Apparitions!$A$1:$A$5001,$A38)&"") | C38: =IF($A38="","",INDEX(Apparitions!$B$1:$B$5001,$A38)&"") | D38: =IF($A38="","",INDEX(Apparitions!$L$1:$L$5001,$A38)) | E38: =IF($A38="","",INDEX(Apparitions!$C$1:$C$5001,$A38)&"") | F38: =IF($A38="","",INDEX(Apparitions!$H$1:$H$5001,$A38)&"") | G38: =IF($A38="","",INDEX(Apparitions!$I$1:$I$5001,$A38)&"") | H38: =IF($A38="","",INDEX(Apparitions!$J$1:$J$5001,$A38)&"") | I38: =IF($A38="","",INDEX(Apparitions!$G$1:$G$5001,$A38)&"") | J38: =IF($A38="","",INDEX(Apparitions!$M$1:$M$5001,$A38)&"") | K38: =IF($A38="","",INDEX(Apparitions!$K$1:$K$5001,$A38)) | L38: =IF($A38="","",INDEX(Apparitions!$E$1:$E$5001,$A38)&"") | M38: =IF($A38="","",INDEX(Apparitions!$F$1:$F$5001,$A38)&"") | O38: =IF(I38="",0,IF(COUNTIF(I$16:I38,I38)=1,1,0)) -> 0 | P38: =IF(F38="",0,IF(COUNTIF(F$16:F38,F38)=1,1,0)) -> 0 | Q38: =IF(B38="","",B38&"|"&C38) | R38: =IF(Q38="",0,IF(COUNTIF(Q$16:Q38,Q38)=1,1,0)) -> 0
A39: =IFERROR(MATCH(24,Apparitions!$N$1:$N$5001,0),"") | B39: =IF($A39="","",INDEX(Apparitions!$A$1:$A$5001,$A39)&"") | C39: =IF($A39="","",INDEX(Apparitions!$B$1:$B$5001,$A39)&"") | D39: =IF($A39="","",INDEX(Apparitions!$L$1:$L$5001,$A39)) | E39: =IF($A39="","",INDEX(Apparitions!$C$1:$C$5001,$A39)&"") | F39: =IF($A39="","",INDEX(Apparitions!$H$1:$H$5001,$A39)&"") | G39: =IF($A39="","",INDEX(Apparitions!$I$1:$I$5001,$A39)&"") | H39: =IF($A39="","",INDEX(Apparitions!$J$1:$J$5001,$A39)&"") | I39: =IF($A39="","",INDEX(Apparitions!$G$1:$G$5001,$A39)&"") | J39: =IF($A39="","",INDEX(Apparitions!$M$1:$M$5001,$A39)&"") | K39: =IF($A39="","",INDEX(Apparitions!$K$1:$K$5001,$A39)) | L39: =IF($A39="","",INDEX(Apparitions!$E$1:$E$5001,$A39)&"") | M39: =IF($A39="","",INDEX(Apparitions!$F$1:$F$5001,$A39)&"") | O39: =IF(I39="",0,IF(COUNTIF(I$16:I39,I39)=1,1,0)) -> 0 | P39: =IF(F39="",0,IF(COUNTIF(F$16:F39,F39)=1,1,0)) -> 0 | Q39: =IF(B39="","",B39&"|"&C39) | R39: =IF(Q39="",0,IF(COUNTIF(Q$16:Q39,Q39)=1,1,0)) -> 0
A40: =IFERROR(MATCH(25,Apparitions!$N$1:$N$5001,0),"") | B40: =IF($A40="","",INDEX(Apparitions!$A$1:$A$5001,$A40)&"") | C40: =IF($A40="","",INDEX(Apparitions!$B$1:$B$5001,$A40)&"") | D40: =IF($A40="","",INDEX(Apparitions!$L$1:$L$5001,$A40)) | E40: =IF($A40="","",INDEX(Apparitions!$C$1:$C$5001,$A40)&"") | F40: =IF($A40="","",INDEX(Apparitions!$H$1:$H$5001,$A40)&"") | G40: =IF($A40="","",INDEX(Apparitions!$I$1:$I$5001,$A40)&"") | H40: =IF($A40="","",INDEX(Apparitions!$J$1:$J$5001,$A40)&"") | I40: =IF($A40="","",INDEX(Apparitions!$G$1:$G$5001,$A40)&"") | J40: =IF($A40="","",INDEX(Apparitions!$M$1:$M$5001,$A40)&"") | K40: =IF($A40="","",INDEX(Apparitions!$K$1:$K$5001,$A40)) | L40: =IF($A40="","",INDEX(Apparitions!$E$1:$E$5001,$A40)&"") | M40: =IF($A40="","",INDEX(Apparitions!$F$1:$F$5001,$A40)&"") | O40: =IF(I40="",0,IF(COUNTIF(I$16:I40,I40)=1,1,0)) -> 0 | P40: =IF(F40="",0,IF(COUNTIF(F$16:F40,F40)=1,1,0)) -> 0 | Q40: =IF(B40="","",B40&"|"&C40) | R40: =IF(Q40="",0,IF(COUNTIF(Q$16:Q40,Q40)=1,1,0)) -> 0
A41: =IFERROR(MATCH(26,Apparitions!$N$1:$N$5001,0),"") | B41: =IF($A41="","",INDEX(Apparitions!$A$1:$A$5001,$A41)&"") | C41: =IF($A41="","",INDEX(Apparitions!$B$1:$B$5001,$A41)&"") | D41: =IF($A41="","",INDEX(Apparitions!$L$1:$L$5001,$A41)) | E41: =IF($A41="","",INDEX(Apparitions!$C$1:$C$5001,$A41)&"") | F41: =IF($A41="","",INDEX(Apparitions!$H$1:$H$5001,$A41)&"") | G41: =IF($A41="","",INDEX(Apparitions!$I$1:$I$5001,$A41)&"") | H41: =IF($A41="","",INDEX(Apparitions!$J$1:$J$5001,$A41)&"") | I41: =IF($A41="","",INDEX(Apparitions!$G$1:$G$5001,$A41)&"") | J41: =IF($A41="","",INDEX(Apparitions!$M$1:$M$5001,$A41)&"") | K41: =IF($A41="","",INDEX(Apparitions!$K$1:$K$5001,$A41)) | L41: =IF($A41="","",INDEX(Apparitions!$E$1:$E$5001,$A41)&"") | M41: =IF($A41="","",INDEX(Apparitions!$F$1:$F$5001,$A41)&"") | O41: =IF(I41="",0,IF(COUNTIF(I$16:I41,I41)=1,1,0)) -> 0 | P41: =IF(F41="",0,IF(COUNTIF(F$16:F41,F41)=1,1,0)) -> 0 | Q41: =IF(B41="","",B41&"|"&C41) | R41: =IF(Q41="",0,IF(COUNTIF(Q$16:Q41,Q41)=1,1,0)) -> 0
A42: =IFERROR(MATCH(27,Apparitions!$N$1:$N$5001,0),"") | B42: =IF($A42="","",INDEX(Apparitions!$A$1:$A$5001,$A42)&"") | C42: =IF($A42="","",INDEX(Apparitions!$B$1:$B$5001,$A42)&"") | D42: =IF($A42="","",INDEX(Apparitions!$L$1:$L$5001,$A42)) | E42: =IF($A42="","",INDEX(Apparitions!$C$1:$C$5001,$A42)&"") | F42: =IF($A42="","",INDEX(Apparitions!$H$1:$H$5001,$A42)&"") | G42: =IF($A42="","",INDEX(Apparitions!$I$1:$I$5001,$A42)&"") | H42: =IF($A42="","",INDEX(Apparitions!$J$1:$J$5001,$A42)&"") | I42: =IF($A42="","",INDEX(Apparitions!$G$1:$G$5001,$A42)&"") | J42: =IF($A42="","",INDEX(Apparitions!$M$1:$M$5001,$A42)&"") | K42: =IF($A42="","",INDEX(Apparitions!$K$1:$K$5001,$A42)) | L42: =IF($A42="","",INDEX(Apparitions!$E$1:$E$5001,$A42)&"") | M42: =IF($A42="","",INDEX(Apparitions!$F$1:$F$5001,$A42)&"") | O42: =IF(I42="",0,IF(COUNTIF(I$16:I42,I42)=1,1,0)) -> 0 | P42: =IF(F42="",0,IF(COUNTIF(F$16:F42,F42)=1,1,0)) -> 0 | Q42: =IF(B42="","",B42&"|"&C42) | R42: =IF(Q42="",0,IF(COUNTIF(Q$16:Q42,Q42)=1,1,0)) -> 0
A43: =IFERROR(MATCH(28,Apparitions!$N$1:$N$5001,0),"") | B43: =IF($A43="","",INDEX(Apparitions!$A$1:$A$5001,$A43)&"") | C43: =IF($A43="","",INDEX(Apparitions!$B$1:$B$5001,$A43)&"") | D43: =IF($A43="","",INDEX(Apparitions!$L$1:$L$5001,$A43)) | E43: =IF($A43="","",INDEX(Apparitions!$C$1:$C$5001,$A43)&"") | F43: =IF($A43="","",INDEX(Apparitions!$H$1:$H$5001,$A43)&"") | G43: =IF($A43="","",INDEX(Apparitions!$I$1:$I$5001,$A43)&"") | H43: =IF($A43="","",INDEX(Apparitions!$J$1:$J$5001,$A43)&"") | I43: =IF($A43="","",INDEX(Apparitions!$G$1:$G$5001,$A43)&"") | J43: =IF($A43="","",INDEX(Apparitions!$M$1:$M$5001,$A43)&"") | K43: =IF($A43="","",INDEX(Apparitions!$K$1:$K$5001,$A43)) | L43: =IF($A43="","",INDEX(Apparitions!$E$1:$E$5001,$A43)&"") | M43: =IF($A43="","",INDEX(Apparitions!$F$1:$F$5001,$A43)&"") | O43: =IF(I43="",0,IF(COUNTIF(I$16:I43,I43)=1,1,0)) -> 0 | P43: =IF(F43="",0,IF(COUNTIF(F$16:F43,F43)=1,1,0)) -> 0 | Q43: =IF(B43="","",B43&"|"&C43) | R43: =IF(Q43="",0,IF(COUNTIF(Q$16:Q43,Q43)=1,1,0)) -> 0
A44: =IFERROR(MATCH(29,Apparitions!$N$1:$N$5001,0),"") | B44: =IF($A44="","",INDEX(Apparitions!$A$1:$A$5001,$A44)&"") | C44: =IF($A44="","",INDEX(Apparitions!$B$1:$B$5001,$A44)&"") | D44: =IF($A44="","",INDEX(Apparitions!$L$1:$L$5001,$A44)) | E44: =IF($A44="","",INDEX(Apparitions!$C$1:$C$5001,$A44)&"") | F44: =IF($A44="","",INDEX(Apparitions!$H$1:$H$5001,$A44)&"") | G44: =IF($A44="","",INDEX(Apparitions!$I$1:$I$5001,$A44)&"") | H44: =IF($A44="","",INDEX(Apparitions!$J$1:$J$5001,$A44)&"") | I44: =IF($A44="","",INDEX(Apparitions!$G$1:$G$5001,$A44)&"") | J44: =IF($A44="","",INDEX(Apparitions!$M$1:$M$5001,$A44)&"") | K44: =IF($A44="","",INDEX(Apparitions!$K$1:$K$5001,$A44)) | L44: =IF($A44="","",INDEX(Apparitions!$E$1:$E$5001,$A44)&"") | M44: =IF($A44="","",INDEX(Apparitions!$F$1:$F$5001,$A44)&"") | O44: =IF(I44="",0,IF(COUNTIF(I$16:I44,I44)=1,1,0)) -> 0 | P44: =IF(F44="",0,IF(COUNTIF(F$16:F44,F44)=1,1,0)) -> 0 | Q44: =IF(B44="","",B44&"|"&C44) | R44: =IF(Q44="",0,IF(COUNTIF(Q$16:Q44,Q44)=1,1,0)) -> 0
A45: =IFERROR(MATCH(30,Apparitions!$N$1:$N$5001,0),"") | B45: =IF($A45="","",INDEX(Apparitions!$A$1:$A$5001,$A45)&"") | C45: =IF($A45="","",INDEX(Apparitions!$B$1:$B$5001,$A45)&"") | D45: =IF($A45="","",INDEX(Apparitions!$L$1:$L$5001,$A45)) | E45: =IF($A45="","",INDEX(Apparitions!$C$1:$C$5001,$A45)&"") | F45: =IF($A45="","",INDEX(Apparitions!$H$1:$H$5001,$A45)&"") | G45: =IF($A45="","",INDEX(Apparitions!$I$1:$I$5001,$A45)&"") | H45: =IF($A45="","",INDEX(Apparitions!$J$1:$J$5001,$A45)&"") | I45: =IF($A45="","",INDEX(Apparitions!$G$1:$G$5001,$A45)&"") | J45: =IF($A45="","",INDEX(Apparitions!$M$1:$M$5001,$A45)&"") | K45: =IF($A45="","",INDEX(Apparitions!$K$1:$K$5001,$A45)) | L45: =IF($A45="","",INDEX(Apparitions!$E$1:$E$5001,$A45)&"") | M45: =IF($A45="","",INDEX(Apparitions!$F$1:$F$5001,$A45)&"") | O45: =IF(I45="",0,IF(COUNTIF(I$16:I45,I45)=1,1,0)) -> 0 | P45: =IF(F45="",0,IF(COUNTIF(F$16:F45,F45)=1,1,0)) -> 0 | Q45: =IF(B45="","",B45&"|"&C45) | R45: =IF(Q45="",0,IF(COUNTIF(Q$16:Q45,Q45)=1,1,0)) -> 0
A46: =IFERROR(MATCH(31,Apparitions!$N$1:$N$5001,0),"") | B46: =IF($A46="","",INDEX(Apparitions!$A$1:$A$5001,$A46)&"") | C46: =IF($A46="","",INDEX(Apparitions!$B$1:$B$5001,$A46)&"") | D46: =IF($A46="","",INDEX(Apparitions!$L$1:$L$5001,$A46)) | E46: =IF($A46="","",INDEX(Apparitions!$C$1:$C$5001,$A46)&"") | F46: =IF($A46="","",INDEX(Apparitions!$H$1:$H$5001,$A46)&"") | G46: =IF($A46="","",INDEX(Apparitions!$I$1:$I$5001,$A46)&"") | H46: =IF($A46="","",INDEX(Apparitions!$J$1:$J$5001,$A46)&"") | I46: =IF($A46="","",INDEX(Apparitions!$G$1:$G$5001,$A46)&"") | J46: =IF($A46="","",INDEX(Apparitions!$M$1:$M$5001,$A46)&"") | K46: =IF($A46="","",INDEX(Apparitions!$K$1:$K$5001,$A46)) | L46: =IF($A46="","",INDEX(Apparitions!$E$1:$E$5001,$A46)&"") | M46: =IF($A46="","",INDEX(Apparitions!$F$1:$F$5001,$A46)&"") | O46: =IF(I46="",0,IF(COUNTIF(I$16:I46,I46)=1,1,0)) -> 0 | P46: =IF(F46="",0,IF(COUNTIF(F$16:F46,F46)=1,1,0)) -> 0 | Q46: =IF(B46="","",B46&"|"&C46) | R46: =IF(Q46="",0,IF(COUNTIF(Q$16:Q46,Q46)=1,1,0)) -> 0
A47: =IFERROR(MATCH(32,Apparitions!$N$1:$N$5001,0),"") | B47: =IF($A47="","",INDEX(Apparitions!$A$1:$A$5001,$A47)&"") | C47: =IF($A47="","",INDEX(Apparitions!$B$1:$B$5001,$A47)&"") | D47: =IF($A47="","",INDEX(Apparitions!$L$1:$L$5001,$A47)) | E47: =IF($A47="","",INDEX(Apparitions!$C$1:$C$5001,$A47)&"") | F47: =IF($A47="","",INDEX(Apparitions!$H$1:$H$5001,$A47)&"") | G47: =IF($A47="","",INDEX(Apparitions!$I$1:$I$5001,$A47)&"") | H47: =IF($A47="","",INDEX(Apparitions!$J$1:$J$5001,$A47)&"") | I47: =IF($A47="","",INDEX(Apparitions!$G$1:$G$5001,$A47)&"") | J47: =IF($A47="","",INDEX(Apparitions!$M$1:$M$5001,$A47)&"") | K47: =IF($A47="","",INDEX(Apparitions!$K$1:$K$5001,$A47)) | L47: =IF($A47="","",INDEX(Apparitions!$E$1:$E$5001,$A47)&"") | M47: =IF($A47="","",INDEX(Apparitions!$F$1:$F$5001,$A47)&"") | O47: =IF(I47="",0,IF(COUNTIF(I$16:I47,I47)=1,1,0)) -> 0 | P47: =IF(F47="",0,IF(COUNTIF(F$16:F47,F47)=1,1,0)) -> 0 | Q47: =IF(B47="","",B47&"|"&C47) | R47: =IF(Q47="",0,IF(COUNTIF(Q$16:Q47,Q47)=1,1,0)) -> 0
A48: =IFERROR(MATCH(33,Apparitions!$N$1:$N$5001,0),"") | B48: =IF($A48="","",INDEX(Apparitions!$A$1:$A$5001,$A48)&"") | C48: =IF($A48="","",INDEX(Apparitions!$B$1:$B$5001,$A48)&"") | D48: =IF($A48="","",INDEX(Apparitions!$L$1:$L$5001,$A48)) | E48: =IF($A48="","",INDEX(Apparitions!$C$1:$C$5001,$A48)&"") | F48: =IF($A48="","",INDEX(Apparitions!$H$1:$H$5001,$A48)&"") | G48: =IF($A48="","",INDEX(Apparitions!$I$1:$I$5001,$A48)&"") | H48: =IF($A48="","",INDEX(Apparitions!$J$1:$J$5001,$A48)&"") | I48: =IF($A48="","",INDEX(Apparitions!$G$1:$G$5001,$A48)&"") | J48: =IF($A48="","",INDEX(Apparitions!$M$1:$M$5001,$A48)&"") | K48: =IF($A48="","",INDEX(Apparitions!$K$1:$K$5001,$A48)) | L48: =IF($A48="","",INDEX(Apparitions!$E$1:$E$5001,$A48)&"") | M48: =IF($A48="","",INDEX(Apparitions!$F$1:$F$5001,$A48)&"") | O48: =IF(I48="",0,IF(COUNTIF(I$16:I48,I48)=1,1,0)) -> 0 | P48: =IF(F48="",0,IF(COUNTIF(F$16:F48,F48)=1,1,0)) -> 0 | Q48: =IF(B48="","",B48&"|"&C48) | R48: =IF(Q48="",0,IF(COUNTIF(Q$16:Q48,Q48)=1,1,0)) -> 0
A49: =IFERROR(MATCH(34,Apparitions!$N$1:$N$5001,0),"") | B49: =IF($A49="","",INDEX(Apparitions!$A$1:$A$5001,$A49)&"") | C49: =IF($A49="","",INDEX(Apparitions!$B$1:$B$5001,$A49)&"") | D49: =IF($A49="","",INDEX(Apparitions!$L$1:$L$5001,$A49)) | E49: =IF($A49="","",INDEX(Apparitions!$C$1:$C$5001,$A49)&"") | F49: =IF($A49="","",INDEX(Apparitions!$H$1:$H$5001,$A49)&"") | G49: =IF($A49="","",INDEX(Apparitions!$I$1:$I$5001,$A49)&"") | H49: =IF($A49="","",INDEX(Apparitions!$J$1:$J$5001,$A49)&"") | I49: =IF($A49="","",INDEX(Apparitions!$G$1:$G$5001,$A49)&"") | J49: =IF($A49="","",INDEX(Apparitions!$M$1:$M$5001,$A49)&"") | K49: =IF($A49="","",INDEX(Apparitions!$K$1:$K$5001,$A49)) | L49: =IF($A49="","",INDEX(Apparitions!$E$1:$E$5001,$A49)&"") | M49: =IF($A49="","",INDEX(Apparitions!$F$1:$F$5001,$A49)&"") | O49: =IF(I49="",0,IF(COUNTIF(I$16:I49,I49)=1,1,0)) -> 0 | P49: =IF(F49="",0,IF(COUNTIF(F$16:F49,F49)=1,1,0)) -> 0 | Q49: =IF(B49="","",B49&"|"&C49) | R49: =IF(Q49="",0,IF(COUNTIF(Q$16:Q49,Q49)=1,1,0)) -> 0
A50: =IFERROR(MATCH(35,Apparitions!$N$1:$N$5001,0),"") | B50: =IF($A50="","",INDEX(Apparitions!$A$1:$A$5001,$A50)&"") | C50: =IF($A50="","",INDEX(Apparitions!$B$1:$B$5001,$A50)&"") | D50: =IF($A50="","",INDEX(Apparitions!$L$1:$L$5001,$A50)) | E50: =IF($A50="","",INDEX(Apparitions!$C$1:$C$5001,$A50)&"") | F50: =IF($A50="","",INDEX(Apparitions!$H$1:$H$5001,$A50)&"") | G50: =IF($A50="","",INDEX(Apparitions!$I$1:$I$5001,$A50)&"") | H50: =IF($A50="","",INDEX(Apparitions!$J$1:$J$5001,$A50)&"") | I50: =IF($A50="","",INDEX(Apparitions!$G$1:$G$5001,$A50)&"") | J50: =IF($A50="","",INDEX(Apparitions!$M$1:$M$5001,$A50)&"") | K50: =IF($A50="","",INDEX(Apparitions!$K$1:$K$5001,$A50)) | L50: =IF($A50="","",INDEX(Apparitions!$E$1:$E$5001,$A50)&"") | M50: =IF($A50="","",INDEX(Apparitions!$F$1:$F$5001,$A50)&"") | O50: =IF(I50="",0,IF(COUNTIF(I$16:I50,I50)=1,1,0)) -> 0 | P50: =IF(F50="",0,IF(COUNTIF(F$16:F50,F50)=1,1,0)) -> 0 | Q50: =IF(B50="","",B50&"|"&C50) | R50: =IF(Q50="",0,IF(COUNTIF(Q$16:Q50,Q50)=1,1,0)) -> 0
A51: =IFERROR(MATCH(36,Apparitions!$N$1:$N$5001,0),"") | B51: =IF($A51="","",INDEX(Apparitions!$A$1:$A$5001,$A51)&"") | C51: =IF($A51="","",INDEX(Apparitions!$B$1:$B$5001,$A51)&"") | D51: =IF($A51="","",INDEX(Apparitions!$L$1:$L$5001,$A51)) | E51: =IF($A51="","",INDEX(Apparitions!$C$1:$C$5001,$A51)&"") | F51: =IF($A51="","",INDEX(Apparitions!$H$1:$H$5001,$A51)&"") | G51: =IF($A51="","",INDEX(Apparitions!$I$1:$I$5001,$A51)&"") | H51: =IF($A51="","",INDEX(Apparitions!$J$1:$J$5001,$A51)&"") | I51: =IF($A51="","",INDEX(Apparitions!$G$1:$G$5001,$A51)&"") | J51: =IF($A51="","",INDEX(Apparitions!$M$1:$M$5001,$A51)&"") | K51: =IF($A51="","",INDEX(Apparitions!$K$1:$K$5001,$A51)) | L51: =IF($A51="","",INDEX(Apparitions!$E$1:$E$5001,$A51)&"") | M51: =IF($A51="","",INDEX(Apparitions!$F$1:$F$5001,$A51)&"") | O51: =IF(I51="",0,IF(COUNTIF(I$16:I51,I51)=1,1,0)) -> 0 | P51: =IF(F51="",0,IF(COUNTIF(F$16:F51,F51)=1,1,0)) -> 0 | Q51: =IF(B51="","",B51&"|"&C51) | R51: =IF(Q51="",0,IF(COUNTIF(Q$16:Q51,Q51)=1,1,0)) -> 0
A52: =IFERROR(MATCH(37,Apparitions!$N$1:$N$5001,0),"") | B52: =IF($A52="","",INDEX(Apparitions!$A$1:$A$5001,$A52)&"") | C52: =IF($A52="","",INDEX(Apparitions!$B$1:$B$5001,$A52)&"") | D52: =IF($A52="","",INDEX(Apparitions!$L$1:$L$5001,$A52)) | E52: =IF($A52="","",INDEX(Apparitions!$C$1:$C$5001,$A52)&"") | F52: =IF($A52="","",INDEX(Apparitions!$H$1:$H$5001,$A52)&"") | G52: =IF($A52="","",INDEX(Apparitions!$I$1:$I$5001,$A52)&"") | H52: =IF($A52="","",INDEX(Apparitions!$J$1:$J$5001,$A52)&"") | I52: =IF($A52="","",INDEX(Apparitions!$G$1:$G$5001,$A52)&"") | J52: =IF($A52="","",INDEX(Apparitions!$M$1:$M$5001,$A52)&"") | K52: =IF($A52="","",INDEX(Apparitions!$K$1:$K$5001,$A52)) | L52: =IF($A52="","",INDEX(Apparitions!$E$1:$E$5001,$A52)&"") | M52: =IF($A52="","",INDEX(Apparitions!$F$1:$F$5001,$A52)&"") | O52: =IF(I52="",0,IF(COUNTIF(I$16:I52,I52)=1,1,0)) -> 0 | P52: =IF(F52="",0,IF(COUNTIF(F$16:F52,F52)=1,1,0)) -> 0 | Q52: =IF(B52="","",B52&"|"&C52) | R52: =IF(Q52="",0,IF(COUNTIF(Q$16:Q52,Q52)=1,1,0)) -> 0
A53: =IFERROR(MATCH(38,Apparitions!$N$1:$N$5001,0),"") | B53: =IF($A53="","",INDEX(Apparitions!$A$1:$A$5001,$A53)&"") | C53: =IF($A53="","",INDEX(Apparitions!$B$1:$B$5001,$A53)&"") | D53: =IF($A53="","",INDEX(Apparitions!$L$1:$L$5001,$A53)) | E53: =IF($A53="","",INDEX(Apparitions!$C$1:$C$5001,$A53)&"") | F53: =IF($A53="","",INDEX(Apparitions!$H$1:$H$5001,$A53)&"") | G53: =IF($A53="","",INDEX(Apparitions!$I$1:$I$5001,$A53)&"") | H53: =IF($A53="","",INDEX(Apparitions!$J$1:$J$5001,$A53)&"") | I53: =IF($A53="","",INDEX(Apparitions!$G$1:$G$5001,$A53)&"") | J53: =IF($A53="","",INDEX(Apparitions!$M$1:$M$5001,$A53)&"") | K53: =IF($A53="","",INDEX(Apparitions!$K$1:$K$5001,$A53)) | L53: =IF($A53="","",INDEX(Apparitions!$E$1:$E$5001,$A53)&"") | M53: =IF($A53="","",INDEX(Apparitions!$F$1:$F$5001,$A53)&"") | O53: =IF(I53="",0,IF(COUNTIF(I$16:I53,I53)=1,1,0)) -> 0 | P53: =IF(F53="",0,IF(COUNTIF(F$16:F53,F53)=1,1,0)) -> 0 | Q53: =IF(B53="","",B53&"|"&C53) | R53: =IF(Q53="",0,IF(COUNTIF(Q$16:Q53,Q53)=1,1,0)) -> 0
A54: =IFERROR(MATCH(39,Apparitions!$N$1:$N$5001,0),"") | B54: =IF($A54="","",INDEX(Apparitions!$A$1:$A$5001,$A54)&"") | C54: =IF($A54="","",INDEX(Apparitions!$B$1:$B$5001,$A54)&"") | D54: =IF($A54="","",INDEX(Apparitions!$L$1:$L$5001,$A54)) | E54: =IF($A54="","",INDEX(Apparitions!$C$1:$C$5001,$A54)&"") | F54: =IF($A54="","",INDEX(Apparitions!$H$1:$H$5001,$A54)&"") | G54: =IF($A54="","",INDEX(Apparitions!$I$1:$I$5001,$A54)&"") | H54: =IF($A54="","",INDEX(Apparitions!$J$1:$J$5001,$A54)&"") | I54: =IF($A54="","",INDEX(Apparitions!$G$1:$G$5001,$A54)&"") | J54: =IF($A54="","",INDEX(Apparitions!$M$1:$M$5001,$A54)&"") | K54: =IF($A54="","",INDEX(Apparitions!$K$1:$K$5001,$A54)) | L54: =IF($A54="","",INDEX(Apparitions!$E$1:$E$5001,$A54)&"") | M54: =IF($A54="","",INDEX(Apparitions!$F$1:$F$5001,$A54)&"") | O54: =IF(I54="",0,IF(COUNTIF(I$16:I54,I54)=1,1,0)) -> 0 | P54: =IF(F54="",0,IF(COUNTIF(F$16:F54,F54)=1,1,0)) -> 0 | Q54: =IF(B54="","",B54&"|"&C54) | R54: =IF(Q54="",0,IF(COUNTIF(Q$16:Q54,Q54)=1,1,0)) -> 0
A55: =IFERROR(MATCH(40,Apparitions!$N$1:$N$5001,0),"") | B55: =IF($A55="","",INDEX(Apparitions!$A$1:$A$5001,$A55)&"") | C55: =IF($A55="","",INDEX(Apparitions!$B$1:$B$5001,$A55)&"") | D55: =IF($A55="","",INDEX(Apparitions!$L$1:$L$5001,$A55)) | E55: =IF($A55="","",INDEX(Apparitions!$C$1:$C$5001,$A55)&"") | F55: =IF($A55="","",INDEX(Apparitions!$H$1:$H$5001,$A55)&"") | G55: =IF($A55="","",INDEX(Apparitions!$I$1:$I$5001,$A55)&"") | H55: =IF($A55="","",INDEX(Apparitions!$J$1:$J$5001,$A55)&"") | I55: =IF($A55="","",INDEX(Apparitions!$G$1:$G$5001,$A55)&"") | J55: =IF($A55="","",INDEX(Apparitions!$M$1:$M$5001,$A55)&"") | K55: =IF($A55="","",INDEX(Apparitions!$K$1:$K$5001,$A55)) | L55: =IF($A55="","",INDEX(Apparitions!$E$1:$E$5001,$A55)&"") | M55: =IF($A55="","",INDEX(Apparitions!$F$1:$F$5001,$A55)&"") | O55: =IF(I55="",0,IF(COUNTIF(I$16:I55,I55)=1,1,0)) -> 0 | P55: =IF(F55="",0,IF(COUNTIF(F$16:F55,F55)=1,1,0)) -> 0 | Q55: =IF(B55="","",B55&"|"&C55) | R55: =IF(Q55="",0,IF(COUNTIF(Q$16:Q55,Q55)=1,1,0)) -> 0
A56: =IFERROR(MATCH(41,Apparitions!$N$1:$N$5001,0),"") | B56: =IF($A56="","",INDEX(Apparitions!$A$1:$A$5001,$A56)&"") | C56: =IF($A56="","",INDEX(Apparitions!$B$1:$B$5001,$A56)&"") | D56: =IF($A56="","",INDEX(Apparitions!$L$1:$L$5001,$A56)) | E56: =IF($A56="","",INDEX(Apparitions!$C$1:$C$5001,$A56)&"") | F56: =IF($A56="","",INDEX(Apparitions!$H$1:$H$5001,$A56)&"") | G56: =IF($A56="","",INDEX(Apparitions!$I$1:$I$5001,$A56)&"") | H56: =IF($A56="","",INDEX(Apparitions!$J$1:$J$5001,$A56)&"") | I56: =IF($A56="","",INDEX(Apparitions!$G$1:$G$5001,$A56)&"") | J56: =IF($A56="","",INDEX(Apparitions!$M$1:$M$5001,$A56)&"") | K56: =IF($A56="","",INDEX(Apparitions!$K$1:$K$5001,$A56)) | L56: =IF($A56="","",INDEX(Apparitions!$E$1:$E$5001,$A56)&"") | M56: =IF($A56="","",INDEX(Apparitions!$F$1:$F$5001,$A56)&"") | O56: =IF(I56="",0,IF(COUNTIF(I$16:I56,I56)=1,1,0)) -> 0 | P56: =IF(F56="",0,IF(COUNTIF(F$16:F56,F56)=1,1,0)) -> 0 | Q56: =IF(B56="","",B56&"|"&C56) | R56: =IF(Q56="",0,IF(COUNTIF(Q$16:Q56,Q56)=1,1,0)) -> 0
A57: =IFERROR(MATCH(42,Apparitions!$N$1:$N$5001,0),"") | B57: =IF($A57="","",INDEX(Apparitions!$A$1:$A$5001,$A57)&"") | C57: =IF($A57="","",INDEX(Apparitions!$B$1:$B$5001,$A57)&"") | D57: =IF($A57="","",INDEX(Apparitions!$L$1:$L$5001,$A57)) | E57: =IF($A57="","",INDEX(Apparitions!$C$1:$C$5001,$A57)&"") | F57: =IF($A57="","",INDEX(Apparitions!$H$1:$H$5001,$A57)&"") | G57: =IF($A57="","",INDEX(Apparitions!$I$1:$I$5001,$A57)&"") | H57: =IF($A57="","",INDEX(Apparitions!$J$1:$J$5001,$A57)&"") | I57: =IF($A57="","",INDEX(Apparitions!$G$1:$G$5001,$A57)&"") | J57: =IF($A57="","",INDEX(Apparitions!$M$1:$M$5001,$A57)&"") | K57: =IF($A57="","",INDEX(Apparitions!$K$1:$K$5001,$A57)) | L57: =IF($A57="","",INDEX(Apparitions!$E$1:$E$5001,$A57)&"") | M57: =IF($A57="","",INDEX(Apparitions!$F$1:$F$5001,$A57)&"") | O57: =IF(I57="",0,IF(COUNTIF(I$16:I57,I57)=1,1,0)) -> 0 | P57: =IF(F57="",0,IF(COUNTIF(F$16:F57,F57)=1,1,0)) -> 0 | Q57: =IF(B57="","",B57&"|"&C57) | R57: =IF(Q57="",0,IF(COUNTIF(Q$16:Q57,Q57)=1,1,0)) -> 0
A58: =IFERROR(MATCH(43,Apparitions!$N$1:$N$5001,0),"") | B58: =IF($A58="","",INDEX(Apparitions!$A$1:$A$5001,$A58)&"") | C58: =IF($A58="","",INDEX(Apparitions!$B$1:$B$5001,$A58)&"") | D58: =IF($A58="","",INDEX(Apparitions!$L$1:$L$5001,$A58)) | E58: =IF($A58="","",INDEX(Apparitions!$C$1:$C$5001,$A58)&"") | F58: =IF($A58="","",INDEX(Apparitions!$H$1:$H$5001,$A58)&"") | G58: =IF($A58="","",INDEX(Apparitions!$I$1:$I$5001,$A58)&"") | H58: =IF($A58="","",INDEX(Apparitions!$J$1:$J$5001,$A58)&"") | I58: =IF($A58="","",INDEX(Apparitions!$G$1:$G$5001,$A58)&"") | J58: =IF($A58="","",INDEX(Apparitions!$M$1:$M$5001,$A58)&"") | K58: =IF($A58="","",INDEX(Apparitions!$K$1:$K$5001,$A58)) | L58: =IF($A58="","",INDEX(Apparitions!$E$1:$E$5001,$A58)&"") | M58: =IF($A58="","",INDEX(Apparitions!$F$1:$F$5001,$A58)&"") | O58: =IF(I58="",0,IF(COUNTIF(I$16:I58,I58)=1,1,0)) -> 0 | P58: =IF(F58="",0,IF(COUNTIF(F$16:F58,F58)=1,1,0)) -> 0 | Q58: =IF(B58="","",B58&"|"&C58) | R58: =IF(Q58="",0,IF(COUNTIF(Q$16:Q58,Q58)=1,1,0)) -> 0
A59: =IFERROR(MATCH(44,Apparitions!$N$1:$N$5001,0),"") | B59: =IF($A59="","",INDEX(Apparitions!$A$1:$A$5001,$A59)&"") | C59: =IF($A59="","",INDEX(Apparitions!$B$1:$B$5001,$A59)&"") | D59: =IF($A59="","",INDEX(Apparitions!$L$1:$L$5001,$A59)) | E59: =IF($A59="","",INDEX(Apparitions!$C$1:$C$5001,$A59)&"") | F59: =IF($A59="","",INDEX(Apparitions!$H$1:$H$5001,$A59)&"") | G59: =IF($A59="","",INDEX(Apparitions!$I$1:$I$5001,$A59)&"") | H59: =IF($A59="","",INDEX(Apparitions!$J$1:$J$5001,$A59)&"") | I59: =IF($A59="","",INDEX(Apparitions!$G$1:$G$5001,$A59)&"") | J59: =IF($A59="","",INDEX(Apparitions!$M$1:$M$5001,$A59)&"") | K59: =IF($A59="","",INDEX(Apparitions!$K$1:$K$5001,$A59)) | L59: =IF($A59="","",INDEX(Apparitions!$E$1:$E$5001,$A59)&"") | M59: =IF($A59="","",INDEX(Apparitions!$F$1:$F$5001,$A59)&"") | O59: =IF(I59="",0,IF(COUNTIF(I$16:I59,I59)=1,1,0)) -> 0 | P59: =IF(F59="",0,IF(COUNTIF(F$16:F59,F59)=1,1,0)) -> 0 | Q59: =IF(B59="","",B59&"|"&C59) | R59: =IF(Q59="",0,IF(COUNTIF(Q$16:Q59,Q59)=1,1,0)) -> 0
A60: =IFERROR(MATCH(45,Apparitions!$N$1:$N$5001,0),"") | B60: =IF($A60="","",INDEX(Apparitions!$A$1:$A$5001,$A60)&"") | C60: =IF($A60="","",INDEX(Apparitions!$B$1:$B$5001,$A60)&"") | D60: =IF($A60="","",INDEX(Apparitions!$L$1:$L$5001,$A60)) | E60: =IF($A60="","",INDEX(Apparitions!$C$1:$C$5001,$A60)&"") | F60: =IF($A60="","",INDEX(Apparitions!$H$1:$H$5001,$A60)&"") | G60: =IF($A60="","",INDEX(Apparitions!$I$1:$I$5001,$A60)&"") | H60: =IF($A60="","",INDEX(Apparitions!$J$1:$J$5001,$A60)&"") | I60: =IF($A60="","",INDEX(Apparitions!$G$1:$G$5001,$A60)&"") | J60: =IF($A60="","",INDEX(Apparitions!$M$1:$M$5001,$A60)&"") | K60: =IF($A60="","",INDEX(Apparitions!$K$1:$K$5001,$A60)) | L60: =IF($A60="","",INDEX(Apparitions!$E$1:$E$5001,$A60)&"") | M60: =IF($A60="","",INDEX(Apparitions!$F$1:$F$5001,$A60)&"") | O60: =IF(I60="",0,IF(COUNTIF(I$16:I60,I60)=1,1,0)) -> 0 | P60: =IF(F60="",0,IF(COUNTIF(F$16:F60,F60)=1,1,0)) -> 0 | Q60: =IF(B60="","",B60&"|"&C60) | R60: =IF(Q60="",0,IF(COUNTIF(Q$16:Q60,Q60)=1,1,0)) -> 0
A61: =IFERROR(MATCH(46,Apparitions!$N$1:$N$5001,0),"") | B61: =IF($A61="","",INDEX(Apparitions!$A$1:$A$5001,$A61)&"") | C61: =IF($A61="","",INDEX(Apparitions!$B$1:$B$5001,$A61)&"") | D61: =IF($A61="","",INDEX(Apparitions!$L$1:$L$5001,$A61)) | E61: =IF($A61="","",INDEX(Apparitions!$C$1:$C$5001,$A61)&"") | F61: =IF($A61="","",INDEX(Apparitions!$H$1:$H$5001,$A61)&"") | G61: =IF($A61="","",INDEX(Apparitions!$I$1:$I$5001,$A61)&"") | H61: =IF($A61="","",INDEX(Apparitions!$J$1:$J$5001,$A61)&"") | I61: =IF($A61="","",INDEX(Apparitions!$G$1:$G$5001,$A61)&"") | J61: =IF($A61="","",INDEX(Apparitions!$M$1:$M$5001,$A61)&"") | K61: =IF($A61="","",INDEX(Apparitions!$K$1:$K$5001,$A61)) | L61: =IF($A61="","",INDEX(Apparitions!$E$1:$E$5001,$A61)&"") | M61: =IF($A61="","",INDEX(Apparitions!$F$1:$F$5001,$A61)&"") | O61: =IF(I61="",0,IF(COUNTIF(I$16:I61,I61)=1,1,0)) -> 0 | P61: =IF(F61="",0,IF(COUNTIF(F$16:F61,F61)=1,1,0)) -> 0 | Q61: =IF(B61="","",B61&"|"&C61) | R61: =IF(Q61="",0,IF(COUNTIF(Q$16:Q61,Q61)=1,1,0)) -> 0
A62: =IFERROR(MATCH(47,Apparitions!$N$1:$N$5001,0),"") | B62: =IF($A62="","",INDEX(Apparitions!$A$1:$A$5001,$A62)&"") | C62: =IF($A62="","",INDEX(Apparitions!$B$1:$B$5001,$A62)&"") | D62: =IF($A62="","",INDEX(Apparitions!$L$1:$L$5001,$A62)) | E62: =IF($A62="","",INDEX(Apparitions!$C$1:$C$5001,$A62)&"") | F62: =IF($A62="","",INDEX(Apparitions!$H$1:$H$5001,$A62)&"") | G62: =IF($A62="","",INDEX(Apparitions!$I$1:$I$5001,$A62)&"") | H62: =IF($A62="","",INDEX(Apparitions!$J$1:$J$5001,$A62)&"") | I62: =IF($A62="","",INDEX(Apparitions!$G$1:$G$5001,$A62)&"") | J62: =IF($A62="","",INDEX(Apparitions!$M$1:$M$5001,$A62)&"") | K62: =IF($A62="","",INDEX(Apparitions!$K$1:$K$5001,$A62)) | L62: =IF($A62="","",INDEX(Apparitions!$E$1:$E$5001,$A62)&"") | M62: =IF($A62="","",INDEX(Apparitions!$F$1:$F$5001,$A62)&"") | O62: =IF(I62="",0,IF(COUNTIF(I$16:I62,I62)=1,1,0)) -> 0 | P62: =IF(F62="",0,IF(COUNTIF(F$16:F62,F62)=1,1,0)) -> 0 | Q62: =IF(B62="","",B62&"|"&C62) | R62: =IF(Q62="",0,IF(COUNTIF(Q$16:Q62,Q62)=1,1,0)) -> 0
A63: =IFERROR(MATCH(48,Apparitions!$N$1:$N$5001,0),"") | B63: =IF($A63="","",INDEX(Apparitions!$A$1:$A$5001,$A63)&"") | C63: =IF($A63="","",INDEX(Apparitions!$B$1:$B$5001,$A63)&"") | D63: =IF($A63="","",INDEX(Apparitions!$L$1:$L$5001,$A63)) | E63: =IF($A63="","",INDEX(Apparitions!$C$1:$C$5001,$A63)&"") | F63: =IF($A63="","",INDEX(Apparitions!$H$1:$H$5001,$A63)&"") | G63: =IF($A63="","",INDEX(Apparitions!$I$1:$I$5001,$A63)&"") | H63: =IF($A63="","",INDEX(Apparitions!$J$1:$J$5001,$A63)&"") | I63: =IF($A63="","",INDEX(Apparitions!$G$1:$G$5001,$A63)&"") | J63: =IF($A63="","",INDEX(Apparitions!$M$1:$M$5001,$A63)&"") | K63: =IF($A63="","",INDEX(Apparitions!$K$1:$K$5001,$A63)) | L63: =IF($A63="","",INDEX(Apparitions!$E$1:$E$5001,$A63)&"") | M63: =IF($A63="","",INDEX(Apparitions!$F$1:$F$5001,$A63)&"") | O63: =IF(I63="",0,IF(COUNTIF(I$16:I63,I63)=1,1,0)) -> 0 | P63: =IF(F63="",0,IF(COUNTIF(F$16:F63,F63)=1,1,0)) -> 0 | Q63: =IF(B63="","",B63&"|"&C63) | R63: =IF(Q63="",0,IF(COUNTIF(Q$16:Q63,Q63)=1,1,0)) -> 0
A64: =IFERROR(MATCH(49,Apparitions!$N$1:$N$5001,0),"") | B64: =IF($A64="","",INDEX(Apparitions!$A$1:$A$5001,$A64)&"") | C64: =IF($A64="","",INDEX(Apparitions!$B$1:$B$5001,$A64)&"") | D64: =IF($A64="","",INDEX(Apparitions!$L$1:$L$5001,$A64)) | E64: =IF($A64="","",INDEX(Apparitions!$C$1:$C$5001,$A64)&"") | F64: =IF($A64="","",INDEX(Apparitions!$H$1:$H$5001,$A64)&"") | G64: =IF($A64="","",INDEX(Apparitions!$I$1:$I$5001,$A64)&"") | H64: =IF($A64="","",INDEX(Apparitions!$J$1:$J$5001,$A64)&"") | I64: =IF($A64="","",INDEX(Apparitions!$G$1:$G$5001,$A64)&"") | J64: =IF($A64="","",INDEX(Apparitions!$M$1:$M$5001,$A64)&"") | K64: =IF($A64="","",INDEX(Apparitions!$K$1:$K$5001,$A64)) | L64: =IF($A64="","",INDEX(Apparitions!$E$1:$E$5001,$A64)&"") | M64: =IF($A64="","",INDEX(Apparitions!$F$1:$F$5001,$A64)&"") | O64: =IF(I64="",0,IF(COUNTIF(I$16:I64,I64)=1,1,0)) -> 0 | P64: =IF(F64="",0,IF(COUNTIF(F$16:F64,F64)=1,1,0)) -> 0 | Q64: =IF(B64="","",B64&"|"&C64) | R64: =IF(Q64="",0,IF(COUNTIF(Q$16:Q64,Q64)=1,1,0)) -> 0
A65: =IFERROR(MATCH(50,Apparitions!$N$1:$N$5001,0),"") | B65: =IF($A65="","",INDEX(Apparitions!$A$1:$A$5001,$A65)&"") | C65: =IF($A65="","",INDEX(Apparitions!$B$1:$B$5001,$A65)&"") | D65: =IF($A65="","",INDEX(Apparitions!$L$1:$L$5001,$A65)) | E65: =IF($A65="","",INDEX(Apparitions!$C$1:$C$5001,$A65)&"") | F65: =IF($A65="","",INDEX(Apparitions!$H$1:$H$5001,$A65)&"") | G65: =IF($A65="","",INDEX(Apparitions!$I$1:$I$5001,$A65)&"") | H65: =IF($A65="","",INDEX(Apparitions!$J$1:$J$5001,$A65)&"") | I65: =IF($A65="","",INDEX(Apparitions!$G$1:$G$5001,$A65)&"") | J65: =IF($A65="","",INDEX(Apparitions!$M$1:$M$5001,$A65)&"") | K65: =IF($A65="","",INDEX(Apparitions!$K$1:$K$5001,$A65)) | L65: =IF($A65="","",INDEX(Apparitions!$E$1:$E$5001,$A65)&"") | M65: =IF($A65="","",INDEX(Apparitions!$F$1:$F$5001,$A65)&"") | O65: =IF(I65="",0,IF(COUNTIF(I$16:I65,I65)=1,1,0)) -> 0 | P65: =IF(F65="",0,IF(COUNTIF(F$16:F65,F65)=1,1,0)) -> 0 | Q65: =IF(B65="","",B65&"|"&C65) | R65: =IF(Q65="",0,IF(COUNTIF(Q$16:Q65,Q65)=1,1,0)) -> 0
A66: =IFERROR(MATCH(51,Apparitions!$N$1:$N$5001,0),"") | B66: =IF($A66="","",INDEX(Apparitions!$A$1:$A$5001,$A66)&"") | C66: =IF($A66="","",INDEX(Apparitions!$B$1:$B$5001,$A66)&"") | D66: =IF($A66="","",INDEX(Apparitions!$L$1:$L$5001,$A66)) | E66: =IF($A66="","",INDEX(Apparitions!$C$1:$C$5001,$A66)&"") | F66: =IF($A66="","",INDEX(Apparitions!$H$1:$H$5001,$A66)&"") | G66: =IF($A66="","",INDEX(Apparitions!$I$1:$I$5001,$A66)&"") | H66: =IF($A66="","",INDEX(Apparitions!$J$1:$J$5001,$A66)&"") | I66: =IF($A66="","",INDEX(Apparitions!$G$1:$G$5001,$A66)&"") | J66: =IF($A66="","",INDEX(Apparitions!$M$1:$M$5001,$A66)&"") | K66: =IF($A66="","",INDEX(Apparitions!$K$1:$K$5001,$A66)) | L66: =IF($A66="","",INDEX(Apparitions!$E$1:$E$5001,$A66)&"") | M66: =IF($A66="","",INDEX(Apparitions!$F$1:$F$5001,$A66)&"") | O66: =IF(I66="",0,IF(COUNTIF(I$16:I66,I66)=1,1,0)) -> 0 | P66: =IF(F66="",0,IF(COUNTIF(F$16:F66,F66)=1,1,0)) -> 0 | Q66: =IF(B66="","",B66&"|"&C66) | R66: =IF(Q66="",0,IF(COUNTIF(Q$16:Q66,Q66)=1,1,0)) -> 0
A67: =IFERROR(MATCH(52,Apparitions!$N$1:$N$5001,0),"") | B67: =IF($A67="","",INDEX(Apparitions!$A$1:$A$5001,$A67)&"") | C67: =IF($A67="","",INDEX(Apparitions!$B$1:$B$5001,$A67)&"") | D67: =IF($A67="","",INDEX(Apparitions!$L$1:$L$5001,$A67)) | E67: =IF($A67="","",INDEX(Apparitions!$C$1:$C$5001,$A67)&"") | F67: =IF($A67="","",INDEX(Apparitions!$H$1:$H$5001,$A67)&"") | G67: =IF($A67="","",INDEX(Apparitions!$I$1:$I$5001,$A67)&"") | H67: =IF($A67="","",INDEX(Apparitions!$J$1:$J$5001,$A67)&"") | I67: =IF($A67="","",INDEX(Apparitions!$G$1:$G$5001,$A67)&"") | J67: =IF($A67="","",INDEX(Apparitions!$M$1:$M$5001,$A67)&"") | K67: =IF($A67="","",INDEX(Apparitions!$K$1:$K$5001,$A67)) | L67: =IF($A67="","",INDEX(Apparitions!$E$1:$E$5001,$A67)&"") | M67: =IF($A67="","",INDEX(Apparitions!$F$1:$F$5001,$A67)&"") | O67: =IF(I67="",0,IF(COUNTIF(I$16:I67,I67)=1,1,0)) -> 0 | P67: =IF(F67="",0,IF(COUNTIF(F$16:F67,F67)=1,1,0)) -> 0 | Q67: =IF(B67="","",B67&"|"&C67) | R67: =IF(Q67="",0,IF(COUNTIF(Q$16:Q67,Q67)=1,1,0)) -> 0
A68: =IFERROR(MATCH(53,Apparitions!$N$1:$N$5001,0),"") | B68: =IF($A68="","",INDEX(Apparitions!$A$1:$A$5001,$A68)&"") | C68: =IF($A68="","",INDEX(Apparitions!$B$1:$B$5001,$A68)&"") | D68: =IF($A68="","",INDEX(Apparitions!$L$1:$L$5001,$A68)) | E68: =IF($A68="","",INDEX(Apparitions!$C$1:$C$5001,$A68)&"") | F68: =IF($A68="","",INDEX(Apparitions!$H$1:$H$5001,$A68)&"") | G68: =IF($A68="","",INDEX(Apparitions!$I$1:$I$5001,$A68)&"") | H68: =IF($A68="","",INDEX(Apparitions!$J$1:$J$5001,$A68)&"") | I68: =IF($A68="","",INDEX(Apparitions!$G$1:$G$5001,$A68)&"") | J68: =IF($A68="","",INDEX(Apparitions!$M$1:$M$5001,$A68)&"") | K68: =IF($A68="","",INDEX(Apparitions!$K$1:$K$5001,$A68)) | L68: =IF($A68="","",INDEX(Apparitions!$E$1:$E$5001,$A68)&"") | M68: =IF($A68="","",INDEX(Apparitions!$F$1:$F$5001,$A68)&"") | O68: =IF(I68="",0,IF(COUNTIF(I$16:I68,I68)=1,1,0)) -> 0 | P68: =IF(F68="",0,IF(COUNTIF(F$16:F68,F68)=1,1,0)) -> 0 | Q68: =IF(B68="","",B68&"|"&C68) | R68: =IF(Q68="",0,IF(COUNTIF(Q$16:Q68,Q68)=1,1,0)) -> 0
A69: =IFERROR(MATCH(54,Apparitions!$N$1:$N$5001,0),"") | B69: =IF($A69="","",INDEX(Apparitions!$A$1:$A$5001,$A69)&"") | C69: =IF($A69="","",INDEX(Apparitions!$B$1:$B$5001,$A69)&"") | D69: =IF($A69="","",INDEX(Apparitions!$L$1:$L$5001,$A69)) | E69: =IF($A69="","",INDEX(Apparitions!$C$1:$C$5001,$A69)&"") | F69: =IF($A69="","",INDEX(Apparitions!$H$1:$H$5001,$A69)&"") | G69: =IF($A69="","",INDEX(Apparitions!$I$1:$I$5001,$A69)&"") | H69: =IF($A69="","",INDEX(Apparitions!$J$1:$J$5001,$A69)&"") | I69: =IF($A69="","",INDEX(Apparitions!$G$1:$G$5001,$A69)&"") | J69: =IF($A69="","",INDEX(Apparitions!$M$1:$M$5001,$A69)&"") | K69: =IF($A69="","",INDEX(Apparitions!$K$1:$K$5001,$A69)) | L69: =IF($A69="","",INDEX(Apparitions!$E$1:$E$5001,$A69)&"") | M69: =IF($A69="","",INDEX(Apparitions!$F$1:$F$5001,$A69)&"") | O69: =IF(I69="",0,IF(COUNTIF(I$16:I69,I69)=1,1,0)) -> 0 | P69: =IF(F69="",0,IF(COUNTIF(F$16:F69,F69)=1,1,0)) -> 0 | Q69: =IF(B69="","",B69&"|"&C69) | R69: =IF(Q69="",0,IF(COUNTIF(Q$16:Q69,Q69)=1,1,0)) -> 0
A70: =IFERROR(MATCH(55,Apparitions!$N$1:$N$5001,0),"") | B70: =IF($A70="","",INDEX(Apparitions!$A$1:$A$5001,$A70)&"") | C70: =IF($A70="","",INDEX(Apparitions!$B$1:$B$5001,$A70)&"") | D70: =IF($A70="","",INDEX(Apparitions!$L$1:$L$5001,$A70)) | E70: =IF($A70="","",INDEX(Apparitions!$C$1:$C$5001,$A70)&"") | F70: =IF($A70="","",INDEX(Apparitions!$H$1:$H$5001,$A70)&"") | G70: =IF($A70="","",INDEX(Apparitions!$I$1:$I$5001,$A70)&"") | H70: =IF($A70="","",INDEX(Apparitions!$J$1:$J$5001,$A70)&"") | I70: =IF($A70="","",INDEX(Apparitions!$G$1:$G$5001,$A70)&"") | J70: =IF($A70="","",INDEX(Apparitions!$M$1:$M$5001,$A70)&"") | K70: =IF($A70="","",INDEX(Apparitions!$K$1:$K$5001,$A70)) | L70: =IF($A70="","",INDEX(Apparitions!$E$1:$E$5001,$A70)&"") | M70: =IF($A70="","",INDEX(Apparitions!$F$1:$F$5001,$A70)&"") | O70: =IF(I70="",0,IF(COUNTIF(I$16:I70,I70)=1,1,0)) -> 0 | P70: =IF(F70="",0,IF(COUNTIF(F$16:F70,F70)=1,1,0)) -> 0 | Q70: =IF(B70="","",B70&"|"&C70) | R70: =IF(Q70="",0,IF(COUNTIF(Q$16:Q70,Q70)=1,1,0)) -> 0
A71: =IFERROR(MATCH(56,Apparitions!$N$1:$N$5001,0),"") | B71: =IF($A71="","",INDEX(Apparitions!$A$1:$A$5001,$A71)&"") | C71: =IF($A71="","",INDEX(Apparitions!$B$1:$B$5001,$A71)&"") | D71: =IF($A71="","",INDEX(Apparitions!$L$1:$L$5001,$A71)) | E71: =IF($A71="","",INDEX(Apparitions!$C$1:$C$5001,$A71)&"") | F71: =IF($A71="","",INDEX(Apparitions!$H$1:$H$5001,$A71)&"") | G71: =IF($A71="","",INDEX(Apparitions!$I$1:$I$5001,$A71)&"") | H71: =IF($A71="","",INDEX(Apparitions!$J$1:$J$5001,$A71)&"") | I71: =IF($A71="","",INDEX(Apparitions!$G$1:$G$5001,$A71)&"") | J71: =IF($A71="","",INDEX(Apparitions!$M$1:$M$5001,$A71)&"") | K71: =IF($A71="","",INDEX(Apparitions!$K$1:$K$5001,$A71)) | L71: =IF($A71="","",INDEX(Apparitions!$E$1:$E$5001,$A71)&"") | M71: =IF($A71="","",INDEX(Apparitions!$F$1:$F$5001,$A71)&"") | O71: =IF(I71="",0,IF(COUNTIF(I$16:I71,I71)=1,1,0)) -> 0 | P71: =IF(F71="",0,IF(COUNTIF(F$16:F71,F71)=1,1,0)) -> 0 | Q71: =IF(B71="","",B71&"|"&C71) | R71: =IF(Q71="",0,IF(COUNTIF(Q$16:Q71,Q71)=1,1,0)) -> 0
A72: =IFERROR(MATCH(57,Apparitions!$N$1:$N$5001,0),"") | B72: =IF($A72="","",INDEX(Apparitions!$A$1:$A$5001,$A72)&"") | C72: =IF($A72="","",INDEX(Apparitions!$B$1:$B$5001,$A72)&"") | D72: =IF($A72="","",INDEX(Apparitions!$L$1:$L$5001,$A72)) | E72: =IF($A72="","",INDEX(Apparitions!$C$1:$C$5001,$A72)&"") | F72: =IF($A72="","",INDEX(Apparitions!$H$1:$H$5001,$A72)&"") | G72: =IF($A72="","",INDEX(Apparitions!$I$1:$I$5001,$A72)&"") | H72: =IF($A72="","",INDEX(Apparitions!$J$1:$J$5001,$A72)&"") | I72: =IF($A72="","",INDEX(Apparitions!$G$1:$G$5001,$A72)&"") | J72: =IF($A72="","",INDEX(Apparitions!$M$1:$M$5001,$A72)&"") | K72: =IF($A72="","",INDEX(Apparitions!$K$1:$K$5001,$A72)) | L72: =IF($A72="","",INDEX(Apparitions!$E$1:$E$5001,$A72)&"") | M72: =IF($A72="","",INDEX(Apparitions!$F$1:$F$5001,$A72)&"") | O72: =IF(I72="",0,IF(COUNTIF(I$16:I72,I72)=1,1,0)) -> 0 | P72: =IF(F72="",0,IF(COUNTIF(F$16:F72,F72)=1,1,0)) -> 0 | Q72: =IF(B72="","",B72&"|"&C72) | R72: =IF(Q72="",0,IF(COUNTIF(Q$16:Q72,Q72)=1,1,0)) -> 0
A73: =IFERROR(MATCH(58,Apparitions!$N$1:$N$5001,0),"") | B73: =IF($A73="","",INDEX(Apparitions!$A$1:$A$5001,$A73)&"") | C73: =IF($A73="","",INDEX(Apparitions!$B$1:$B$5001,$A73)&"") | D73: =IF($A73="","",INDEX(Apparitions!$L$1:$L$5001,$A73)) | E73: =IF($A73="","",INDEX(Apparitions!$C$1:$C$5001,$A73)&"") | F73: =IF($A73="","",INDEX(Apparitions!$H$1:$H$5001,$A73)&"") | G73: =IF($A73="","",INDEX(Apparitions!$I$1:$I$5001,$A73)&"") | H73: =IF($A73="","",INDEX(Apparitions!$J$1:$J$5001,$A73)&"") | I73: =IF($A73="","",INDEX(Apparitions!$G$1:$G$5001,$A73)&"") | J73: =IF($A73="","",INDEX(Apparitions!$M$1:$M$5001,$A73)&"") | K73: =IF($A73="","",INDEX(Apparitions!$K$1:$K$5001,$A73)) | L73: =IF($A73="","",INDEX(Apparitions!$E$1:$E$5001,$A73)&"") | M73: =IF($A73="","",INDEX(Apparitions!$F$1:$F$5001,$A73)&"") | O73: =IF(I73="",0,IF(COUNTIF(I$16:I73,I73)=1,1,0)) -> 0 | P73: =IF(F73="",0,IF(COUNTIF(F$16:F73,F73)=1,1,0)) -> 0 | Q73: =IF(B73="","",B73&"|"&C73) | R73: =IF(Q73="",0,IF(COUNTIF(Q$16:Q73,Q73)=1,1,0)) -> 0
A74: =IFERROR(MATCH(59,Apparitions!$N$1:$N$5001,0),"") | B74: =IF($A74="","",INDEX(Apparitions!$A$1:$A$5001,$A74)&"") | C74: =IF($A74="","",INDEX(Apparitions!$B$1:$B$5001,$A74)&"") | D74: =IF($A74="","",INDEX(Apparitions!$L$1:$L$5001,$A74)) | E74: =IF($A74="","",INDEX(Apparitions!$C$1:$C$5001,$A74)&"") | F74: =IF($A74="","",INDEX(Apparitions!$H$1:$H$5001,$A74)&"") | G74: =IF($A74="","",INDEX(Apparitions!$I$1:$I$5001,$A74)&"") | H74: =IF($A74="","",INDEX(Apparitions!$J$1:$J$5001,$A74)&"") | I74: =IF($A74="","",INDEX(Apparitions!$G$1:$G$5001,$A74)&"") | J74: =IF($A74="","",INDEX(Apparitions!$M$1:$M$5001,$A74)&"") | K74: =IF($A74="","",INDEX(Apparitions!$K$1:$K$5001,$A74)) | L74: =IF($A74="","",INDEX(Apparitions!$E$1:$E$5001,$A74)&"") | M74: =IF($A74="","",INDEX(Apparitions!$F$1:$F$5001,$A74)&"") | O74: =IF(I74="",0,IF(COUNTIF(I$16:I74,I74)=1,1,0)) -> 0 | P74: =IF(F74="",0,IF(COUNTIF(F$16:F74,F74)=1,1,0)) -> 0 | Q74: =IF(B74="","",B74&"|"&C74) | R74: =IF(Q74="",0,IF(COUNTIF(Q$16:Q74,Q74)=1,1,0)) -> 0
A75: =IFERROR(MATCH(60,Apparitions!$N$1:$N$5001,0),"") | B75: =IF($A75="","",INDEX(Apparitions!$A$1:$A$5001,$A75)&"") | C75: =IF($A75="","",INDEX(Apparitions!$B$1:$B$5001,$A75)&"") | D75: =IF($A75="","",INDEX(Apparitions!$L$1:$L$5001,$A75)) | E75: =IF($A75="","",INDEX(Apparitions!$C$1:$C$5001,$A75)&"") | F75: =IF($A75="","",INDEX(Apparitions!$H$1:$H$5001,$A75)&"") | G75: =IF($A75="","",INDEX(Apparitions!$I$1:$I$5001,$A75)&"") | H75: =IF($A75="","",INDEX(Apparitions!$J$1:$J$5001,$A75)&"") | I75: =IF($A75="","",INDEX(Apparitions!$G$1:$G$5001,$A75)&"") | J75: =IF($A75="","",INDEX(Apparitions!$M$1:$M$5001,$A75)&"") | K75: =IF($A75="","",INDEX(Apparitions!$K$1:$K$5001,$A75)) | L75: =IF($A75="","",INDEX(Apparitions!$E$1:$E$5001,$A75)&"") | M75: =IF($A75="","",INDEX(Apparitions!$F$1:$F$5001,$A75)&"") | O75: =IF(I75="",0,IF(COUNTIF(I$16:I75,I75)=1,1,0)) -> 0 | P75: =IF(F75="",0,IF(COUNTIF(F$16:F75,F75)=1,1,0)) -> 0 | Q75: =IF(B75="","",B75&"|"&C75) | R75: =IF(Q75="",0,IF(COUNTIF(Q$16:Q75,Q75)=1,1,0)) -> 0
A76: =IFERROR(MATCH(61,Apparitions!$N$1:$N$5001,0),"") | B76: =IF($A76="","",INDEX(Apparitions!$A$1:$A$5001,$A76)&"") | C76: =IF($A76="","",INDEX(Apparitions!$B$1:$B$5001,$A76)&"") | D76: =IF($A76="","",INDEX(Apparitions!$L$1:$L$5001,$A76)) | E76: =IF($A76="","",INDEX(Apparitions!$C$1:$C$5001,$A76)&"") | F76: =IF($A76="","",INDEX(Apparitions!$H$1:$H$5001,$A76)&"") | G76: =IF($A76="","",INDEX(Apparitions!$I$1:$I$5001,$A76)&"") | H76: =IF($A76="","",INDEX(Apparitions!$J$1:$J$5001,$A76)&"") | I76: =IF($A76="","",INDEX(Apparitions!$G$1:$G$5001,$A76)&"") | J76: =IF($A76="","",INDEX(Apparitions!$M$1:$M$5001,$A76)&"") | K76: =IF($A76="","",INDEX(Apparitions!$K$1:$K$5001,$A76)) | L76: =IF($A76="","",INDEX(Apparitions!$E$1:$E$5001,$A76)&"") | M76: =IF($A76="","",INDEX(Apparitions!$F$1:$F$5001,$A76)&"") | O76: =IF(I76="",0,IF(COUNTIF(I$16:I76,I76)=1,1,0)) -> 0 | P76: =IF(F76="",0,IF(COUNTIF(F$16:F76,F76)=1,1,0)) -> 0 | Q76: =IF(B76="","",B76&"|"&C76) | R76: =IF(Q76="",0,IF(COUNTIF(Q$16:Q76,Q76)=1,1,0)) -> 0
A77: =IFERROR(MATCH(62,Apparitions!$N$1:$N$5001,0),"") | B77: =IF($A77="","",INDEX(Apparitions!$A$1:$A$5001,$A77)&"") | C77: =IF($A77="","",INDEX(Apparitions!$B$1:$B$5001,$A77)&"") | D77: =IF($A77="","",INDEX(Apparitions!$L$1:$L$5001,$A77)) | E77: =IF($A77="","",INDEX(Apparitions!$C$1:$C$5001,$A77)&"") | F77: =IF($A77="","",INDEX(Apparitions!$H$1:$H$5001,$A77)&"") | G77: =IF($A77="","",INDEX(Apparitions!$I$1:$I$5001,$A77)&"") | H77: =IF($A77="","",INDEX(Apparitions!$J$1:$J$5001,$A77)&"") | I77: =IF($A77="","",INDEX(Apparitions!$G$1:$G$5001,$A77)&"") | J77: =IF($A77="","",INDEX(Apparitions!$M$1:$M$5001,$A77)&"") | K77: =IF($A77="","",INDEX(Apparitions!$K$1:$K$5001,$A77)) | L77: =IF($A77="","",INDEX(Apparitions!$E$1:$E$5001,$A77)&"") | M77: =IF($A77="","",INDEX(Apparitions!$F$1:$F$5001,$A77)&"") | O77: =IF(I77="",0,IF(COUNTIF(I$16:I77,I77)=1,1,0)) -> 0 | P77: =IF(F77="",0,IF(COUNTIF(F$16:F77,F77)=1,1,0)) -> 0 | Q77: =IF(B77="","",B77&"|"&C77) | R77: =IF(Q77="",0,IF(COUNTIF(Q$16:Q77,Q77)=1,1,0)) -> 0
A78: =IFERROR(MATCH(63,Apparitions!$N$1:$N$5001,0),"") | B78: =IF($A78="","",INDEX(Apparitions!$A$1:$A$5001,$A78)&"") | C78: =IF($A78="","",INDEX(Apparitions!$B$1:$B$5001,$A78)&"") | D78: =IF($A78="","",INDEX(Apparitions!$L$1:$L$5001,$A78)) | E78: =IF($A78="","",INDEX(Apparitions!$C$1:$C$5001,$A78)&"") | F78: =IF($A78="","",INDEX(Apparitions!$H$1:$H$5001,$A78)&"") | G78: =IF($A78="","",INDEX(Apparitions!$I$1:$I$5001,$A78)&"") | H78: =IF($A78="","",INDEX(Apparitions!$J$1:$J$5001,$A78)&"") | I78: =IF($A78="","",INDEX(Apparitions!$G$1:$G$5001,$A78)&"") | J78: =IF($A78="","",INDEX(Apparitions!$M$1:$M$5001,$A78)&"") | K78: =IF($A78="","",INDEX(Apparitions!$K$1:$K$5001,$A78)) | L78: =IF($A78="","",INDEX(Apparitions!$E$1:$E$5001,$A78)&"") | M78: =IF($A78="","",INDEX(Apparitions!$F$1:$F$5001,$A78)&"") | O78: =IF(I78="",0,IF(COUNTIF(I$16:I78,I78)=1,1,0)) -> 0 | P78: =IF(F78="",0,IF(COUNTIF(F$16:F78,F78)=1,1,0)) -> 0 | Q78: =IF(B78="","",B78&"|"&C78) | R78: =IF(Q78="",0,IF(COUNTIF(Q$16:Q78,Q78)=1,1,0)) -> 0
A79: =IFERROR(MATCH(64,Apparitions!$N$1:$N$5001,0),"") | B79: =IF($A79="","",INDEX(Apparitions!$A$1:$A$5001,$A79)&"") | C79: =IF($A79="","",INDEX(Apparitions!$B$1:$B$5001,$A79)&"") | D79: =IF($A79="","",INDEX(Apparitions!$L$1:$L$5001,$A79)) | E79: =IF($A79="","",INDEX(Apparitions!$C$1:$C$5001,$A79)&"") | F79: =IF($A79="","",INDEX(Apparitions!$H$1:$H$5001,$A79)&"") | G79: =IF($A79="","",INDEX(Apparitions!$I$1:$I$5001,$A79)&"") | H79: =IF($A79="","",INDEX(Apparitions!$J$1:$J$5001,$A79)&"") | I79: =IF($A79="","",INDEX(Apparitions!$G$1:$G$5001,$A79)&"") | J79: =IF($A79="","",INDEX(Apparitions!$M$1:$M$5001,$A79)&"") | K79: =IF($A79="","",INDEX(Apparitions!$K$1:$K$5001,$A79)) | L79: =IF($A79="","",INDEX(Apparitions!$E$1:$E$5001,$A79)&"") | M79: =IF($A79="","",INDEX(Apparitions!$F$1:$F$5001,$A79)&"") | O79: =IF(I79="",0,IF(COUNTIF(I$16:I79,I79)=1,1,0)) -> 0 | P79: =IF(F79="",0,IF(COUNTIF(F$16:F79,F79)=1,1,0)) -> 0 | Q79: =IF(B79="","",B79&"|"&C79) | R79: =IF(Q79="",0,IF(COUNTIF(Q$16:Q79,Q79)=1,1,0)) -> 0
A80: =IFERROR(MATCH(65,Apparitions!$N$1:$N$5001,0),"") | B80: =IF($A80="","",INDEX(Apparitions!$A$1:$A$5001,$A80)&"") | C80: =IF($A80="","",INDEX(Apparitions!$B$1:$B$5001,$A80)&"") | D80: =IF($A80="","",INDEX(Apparitions!$L$1:$L$5001,$A80)) | E80: =IF($A80="","",INDEX(Apparitions!$C$1:$C$5001,$A80)&"") | F80: =IF($A80="","",INDEX(Apparitions!$H$1:$H$5001,$A80)&"") | G80: =IF($A80="","",INDEX(Apparitions!$I$1:$I$5001,$A80)&"") | H80: =IF($A80="","",INDEX(Apparitions!$J$1:$J$5001,$A80)&"") | I80: =IF($A80="","",INDEX(Apparitions!$G$1:$G$5001,$A80)&"") | J80: =IF($A80="","",INDEX(Apparitions!$M$1:$M$5001,$A80)&"") | K80: =IF($A80="","",INDEX(Apparitions!$K$1:$K$5001,$A80)) | L80: =IF($A80="","",INDEX(Apparitions!$E$1:$E$5001,$A80)&"") | M80: =IF($A80="","",INDEX(Apparitions!$F$1:$F$5001,$A80)&"") | O80: =IF(I80="",0,IF(COUNTIF(I$16:I80,I80)=1,1,0)) -> 0 | P80: =IF(F80="",0,IF(COUNTIF(F$16:F80,F80)=1,1,0)) -> 0 | Q80: =IF(B80="","",B80&"|"&C80) | R80: =IF(Q80="",0,IF(COUNTIF(Q$16:Q80,Q80)=1,1,0)) -> 0
A81: =IFERROR(MATCH(66,Apparitions!$N$1:$N$5001,0),"") | B81: =IF($A81="","",INDEX(Apparitions!$A$1:$A$5001,$A81)&"") | C81: =IF($A81="","",INDEX(Apparitions!$B$1:$B$5001,$A81)&"") | D81: =IF($A81="","",INDEX(Apparitions!$L$1:$L$5001,$A81)) | E81: =IF($A81="","",INDEX(Apparitions!$C$1:$C$5001,$A81)&"") | F81: =IF($A81="","",INDEX(Apparitions!$H$1:$H$5001,$A81)&"") | G81: =IF($A81="","",INDEX(Apparitions!$I$1:$I$5001,$A81)&"") | H81: =IF($A81="","",INDEX(Apparitions!$J$1:$J$5001,$A81)&"") | I81: =IF($A81="","",INDEX(Apparitions!$G$1:$G$5001,$A81)&"") | J81: =IF($A81="","",INDEX(Apparitions!$M$1:$M$5001,$A81)&"") | K81: =IF($A81="","",INDEX(Apparitions!$K$1:$K$5001,$A81)) | L81: =IF($A81="","",INDEX(Apparitions!$E$1:$E$5001,$A81)&"") | M81: =IF($A81="","",INDEX(Apparitions!$F$1:$F$5001,$A81)&"") | O81: =IF(I81="",0,IF(COUNTIF(I$16:I81,I81)=1,1,0)) -> 0 | P81: =IF(F81="",0,IF(COUNTIF(F$16:F81,F81)=1,1,0)) -> 0 | Q81: =IF(B81="","",B81&"|"&C81) | R81: =IF(Q81="",0,IF(COUNTIF(Q$16:Q81,Q81)=1,1,0)) -> 0
A82: =IFERROR(MATCH(67,Apparitions!$N$1:$N$5001,0),"") | B82: =IF($A82="","",INDEX(Apparitions!$A$1:$A$5001,$A82)&"") | C82: =IF($A82="","",INDEX(Apparitions!$B$1:$B$5001,$A82)&"") | D82: =IF($A82="","",INDEX(Apparitions!$L$1:$L$5001,$A82)) | E82: =IF($A82="","",INDEX(Apparitions!$C$1:$C$5001,$A82)&"") | F82: =IF($A82="","",INDEX(Apparitions!$H$1:$H$5001,$A82)&"") | G82: =IF($A82="","",INDEX(Apparitions!$I$1:$I$5001,$A82)&"") | H82: =IF($A82="","",INDEX(Apparitions!$J$1:$J$5001,$A82)&"") | I82: =IF($A82="","",INDEX(Apparitions!$G$1:$G$5001,$A82)&"") | J82: =IF($A82="","",INDEX(Apparitions!$M$1:$M$5001,$A82)&"") | K82: =IF($A82="","",INDEX(Apparitions!$K$1:$K$5001,$A82)) | L82: =IF($A82="","",INDEX(Apparitions!$E$1:$E$5001,$A82)&"") | M82: =IF($A82="","",INDEX(Apparitions!$F$1:$F$5001,$A82)&"") | O82: =IF(I82="",0,IF(COUNTIF(I$16:I82,I82)=1,1,0)) -> 0 | P82: =IF(F82="",0,IF(COUNTIF(F$16:F82,F82)=1,1,0)) -> 0 | Q82: =IF(B82="","",B82&"|"&C82) | R82: =IF(Q82="",0,IF(COUNTIF(Q$16:Q82,Q82)=1,1,0)) -> 0
A83: =IFERROR(MATCH(68,Apparitions!$N$1:$N$5001,0),"") | B83: =IF($A83="","",INDEX(Apparitions!$A$1:$A$5001,$A83)&"") | C83: =IF($A83="","",INDEX(Apparitions!$B$1:$B$5001,$A83)&"") | D83: =IF($A83="","",INDEX(Apparitions!$L$1:$L$5001,$A83)) | E83: =IF($A83="","",INDEX(Apparitions!$C$1:$C$5001,$A83)&"") | F83: =IF($A83="","",INDEX(Apparitions!$H$1:$H$5001,$A83)&"") | G83: =IF($A83="","",INDEX(Apparitions!$I$1:$I$5001,$A83)&"") | H83: =IF($A83="","",INDEX(Apparitions!$J$1:$J$5001,$A83)&"") | I83: =IF($A83="","",INDEX(Apparitions!$G$1:$G$5001,$A83)&"") | J83: =IF($A83="","",INDEX(Apparitions!$M$1:$M$5001,$A83)&"") | K83: =IF($A83="","",INDEX(Apparitions!$K$1:$K$5001,$A83)) | L83: =IF($A83="","",INDEX(Apparitions!$E$1:$E$5001,$A83)&"") | M83: =IF($A83="","",INDEX(Apparitions!$F$1:$F$5001,$A83)&"") | O83: =IF(I83="",0,IF(COUNTIF(I$16:I83,I83)=1,1,0)) -> 0 | P83: =IF(F83="",0,IF(COUNTIF(F$16:F83,F83)=1,1,0)) -> 0 | Q83: =IF(B83="","",B83&"|"&C83) | R83: =IF(Q83="",0,IF(COUNTIF(Q$16:Q83,Q83)=1,1,0)) -> 0
A84: =IFERROR(MATCH(69,Apparitions!$N$1:$N$5001,0),"") | B84: =IF($A84="","",INDEX(Apparitions!$A$1:$A$5001,$A84)&"") | C84: =IF($A84="","",INDEX(Apparitions!$B$1:$B$5001,$A84)&"") | D84: =IF($A84="","",INDEX(Apparitions!$L$1:$L$5001,$A84)) | E84: =IF($A84="","",INDEX(Apparitions!$C$1:$C$5001,$A84)&"") | F84: =IF($A84="","",INDEX(Apparitions!$H$1:$H$5001,$A84)&"") | G84: =IF($A84="","",INDEX(Apparitions!$I$1:$I$5001,$A84)&"") | H84: =IF($A84="","",INDEX(Apparitions!$J$1:$J$5001,$A84)&"") | I84: =IF($A84="","",INDEX(Apparitions!$G$1:$G$5001,$A84)&"") | J84: =IF($A84="","",INDEX(Apparitions!$M$1:$M$5001,$A84)&"") | K84: =IF($A84="","",INDEX(Apparitions!$K$1:$K$5001,$A84)) | L84: =IF($A84="","",INDEX(Apparitions!$E$1:$E$5001,$A84)&"") | M84: =IF($A84="","",INDEX(Apparitions!$F$1:$F$5001,$A84)&"") | O84: =IF(I84="",0,IF(COUNTIF(I$16:I84,I84)=1,1,0)) -> 0 | P84: =IF(F84="",0,IF(COUNTIF(F$16:F84,F84)=1,1,0)) -> 0 | Q84: =IF(B84="","",B84&"|"&C84) | R84: =IF(Q84="",0,IF(COUNTIF(Q$16:Q84,Q84)=1,1,0)) -> 0
A85: =IFERROR(MATCH(70,Apparitions!$N$1:$N$5001,0),"") | B85: =IF($A85="","",INDEX(Apparitions!$A$1:$A$5001,$A85)&"") | C85: =IF($A85="","",INDEX(Apparitions!$B$1:$B$5001,$A85)&"") | D85: =IF($A85="","",INDEX(Apparitions!$L$1:$L$5001,$A85)) | E85: =IF($A85="","",INDEX(Apparitions!$C$1:$C$5001,$A85)&"") | F85: =IF($A85="","",INDEX(Apparitions!$H$1:$H$5001,$A85)&"") | G85: =IF($A85="","",INDEX(Apparitions!$I$1:$I$5001,$A85)&"") | H85: =IF($A85="","",INDEX(Apparitions!$J$1:$J$5001,$A85)&"") | I85: =IF($A85="","",INDEX(Apparitions!$G$1:$G$5001,$A85)&"") | J85: =IF($A85="","",INDEX(Apparitions!$M$1:$M$5001,$A85)&"") | K85: =IF($A85="","",INDEX(Apparitions!$K$1:$K$5001,$A85)) | L85: =IF($A85="","",INDEX(Apparitions!$E$1:$E$5001,$A85)&"") | M85: =IF($A85="","",INDEX(Apparitions!$F$1:$F$5001,$A85)&"") | O85: =IF(I85="",0,IF(COUNTIF(I$16:I85,I85)=1,1,0)) -> 0 | P85: =IF(F85="",0,IF(COUNTIF(F$16:F85,F85)=1,1,0)) -> 0 | Q85: =IF(B85="","",B85&"|"&C85) | R85: =IF(Q85="",0,IF(COUNTIF(Q$16:Q85,Q85)=1,1,0)) -> 0
A86: =IFERROR(MATCH(71,Apparitions!$N$1:$N$5001,0),"") | B86: =IF($A86="","",INDEX(Apparitions!$A$1:$A$5001,$A86)&"") | C86: =IF($A86="","",INDEX(Apparitions!$B$1:$B$5001,$A86)&"") | D86: =IF($A86="","",INDEX(Apparitions!$L$1:$L$5001,$A86)) | E86: =IF($A86="","",INDEX(Apparitions!$C$1:$C$5001,$A86)&"") | F86: =IF($A86="","",INDEX(Apparitions!$H$1:$H$5001,$A86)&"") | G86: =IF($A86="","",INDEX(Apparitions!$I$1:$I$5001,$A86)&"") | H86: =IF($A86="","",INDEX(Apparitions!$J$1:$J$5001,$A86)&"") | I86: =IF($A86="","",INDEX(Apparitions!$G$1:$G$5001,$A86)&"") | J86: =IF($A86="","",INDEX(Apparitions!$M$1:$M$5001,$A86)&"") | K86: =IF($A86="","",INDEX(Apparitions!$K$1:$K$5001,$A86)) | L86: =IF($A86="","",INDEX(Apparitions!$E$1:$E$5001,$A86)&"") | M86: =IF($A86="","",INDEX(Apparitions!$F$1:$F$5001,$A86)&"") | O86: =IF(I86="",0,IF(COUNTIF(I$16:I86,I86)=1,1,0)) -> 0 | P86: =IF(F86="",0,IF(COUNTIF(F$16:F86,F86)=1,1,0)) -> 0 | Q86: =IF(B86="","",B86&"|"&C86) | R86: =IF(Q86="",0,IF(COUNTIF(Q$16:Q86,Q86)=1,1,0)) -> 0
A87: =IFERROR(MATCH(72,Apparitions!$N$1:$N$5001,0),"") | B87: =IF($A87="","",INDEX(Apparitions!$A$1:$A$5001,$A87)&"") | C87: =IF($A87="","",INDEX(Apparitions!$B$1:$B$5001,$A87)&"") | D87: =IF($A87="","",INDEX(Apparitions!$L$1:$L$5001,$A87)) | E87: =IF($A87="","",INDEX(Apparitions!$C$1:$C$5001,$A87)&"") | F87: =IF($A87="","",INDEX(Apparitions!$H$1:$H$5001,$A87)&"") | G87: =IF($A87="","",INDEX(Apparitions!$I$1:$I$5001,$A87)&"") | H87: =IF($A87="","",INDEX(Apparitions!$J$1:$J$5001,$A87)&"") | I87: =IF($A87="","",INDEX(Apparitions!$G$1:$G$5001,$A87)&"") | J87: =IF($A87="","",INDEX(Apparitions!$M$1:$M$5001,$A87)&"") | K87: =IF($A87="","",INDEX(Apparitions!$K$1:$K$5001,$A87)) | L87: =IF($A87="","",INDEX(Apparitions!$E$1:$E$5001,$A87)&"") | M87: =IF($A87="","",INDEX(Apparitions!$F$1:$F$5001,$A87)&"") | O87: =IF(I87="",0,IF(COUNTIF(I$16:I87,I87)=1,1,0)) -> 0 | P87: =IF(F87="",0,IF(COUNTIF(F$16:F87,F87)=1,1,0)) -> 0 | Q87: =IF(B87="","",B87&"|"&C87) | R87: =IF(Q87="",0,IF(COUNTIF(Q$16:Q87,Q87)=1,1,0)) -> 0
A88: =IFERROR(MATCH(73,Apparitions!$N$1:$N$5001,0),"") | B88: =IF($A88="","",INDEX(Apparitions!$A$1:$A$5001,$A88)&"") | C88: =IF($A88="","",INDEX(Apparitions!$B$1:$B$5001,$A88)&"") | D88: =IF($A88="","",INDEX(Apparitions!$L$1:$L$5001,$A88)) | E88: =IF($A88="","",INDEX(Apparitions!$C$1:$C$5001,$A88)&"") | F88: =IF($A88="","",INDEX(Apparitions!$H$1:$H$5001,$A88)&"") | G88: =IF($A88="","",INDEX(Apparitions!$I$1:$I$5001,$A88)&"") | H88: =IF($A88="","",INDEX(Apparitions!$J$1:$J$5001,$A88)&"") | I88: =IF($A88="","",INDEX(Apparitions!$G$1:$G$5001,$A88)&"") | J88: =IF($A88="","",INDEX(Apparitions!$M$1:$M$5001,$A88)&"") | K88: =IF($A88="","",INDEX(Apparitions!$K$1:$K$5001,$A88)) | L88: =IF($A88="","",INDEX(Apparitions!$E$1:$E$5001,$A88)&"") | M88: =IF($A88="","",INDEX(Apparitions!$F$1:$F$5001,$A88)&"") | O88: =IF(I88="",0,IF(COUNTIF(I$16:I88,I88)=1,1,0)) -> 0 | P88: =IF(F88="",0,IF(COUNTIF(F$16:F88,F88)=1,1,0)) -> 0 | Q88: =IF(B88="","",B88&"|"&C88) | R88: =IF(Q88="",0,IF(COUNTIF(Q$16:Q88,Q88)=1,1,0)) -> 0
A89: =IFERROR(MATCH(74,Apparitions!$N$1:$N$5001,0),"") | B89: =IF($A89="","",INDEX(Apparitions!$A$1:$A$5001,$A89)&"") | C89: =IF($A89="","",INDEX(Apparitions!$B$1:$B$5001,$A89)&"") | D89: =IF($A89="","",INDEX(Apparitions!$L$1:$L$5001,$A89)) | E89: =IF($A89="","",INDEX(Apparitions!$C$1:$C$5001,$A89)&"") | F89: =IF($A89="","",INDEX(Apparitions!$H$1:$H$5001,$A89)&"") | G89: =IF($A89="","",INDEX(Apparitions!$I$1:$I$5001,$A89)&"") | H89: =IF($A89="","",INDEX(Apparitions!$J$1:$J$5001,$A89)&"") | I89: =IF($A89="","",INDEX(Apparitions!$G$1:$G$5001,$A89)&"") | J89: =IF($A89="","",INDEX(Apparitions!$M$1:$M$5001,$A89)&"") | K89: =IF($A89="","",INDEX(Apparitions!$K$1:$K$5001,$A89)) | L89: =IF($A89="","",INDEX(Apparitions!$E$1:$E$5001,$A89)&"") | M89: =IF($A89="","",INDEX(Apparitions!$F$1:$F$5001,$A89)&"") | O89: =IF(I89="",0,IF(COUNTIF(I$16:I89,I89)=1,1,0)) -> 0 | P89: =IF(F89="",0,IF(COUNTIF(F$16:F89,F89)=1,1,0)) -> 0 | Q89: =IF(B89="","",B89&"|"&C89) | R89: =IF(Q89="",0,IF(COUNTIF(Q$16:Q89,Q89)=1,1,0)) -> 0
A90: =IFERROR(MATCH(75,Apparitions!$N$1:$N$5001,0),"") | B90: =IF($A90="","",INDEX(Apparitions!$A$1:$A$5001,$A90)&"") | C90: =IF($A90="","",INDEX(Apparitions!$B$1:$B$5001,$A90)&"") | D90: =IF($A90="","",INDEX(Apparitions!$L$1:$L$5001,$A90)) | E90: =IF($A90="","",INDEX(Apparitions!$C$1:$C$5001,$A90)&"") | F90: =IF($A90="","",INDEX(Apparitions!$H$1:$H$5001,$A90)&"") | G90: =IF($A90="","",INDEX(Apparitions!$I$1:$I$5001,$A90)&"") | H90: =IF($A90="","",INDEX(Apparitions!$J$1:$J$5001,$A90)&"") | I90: =IF($A90="","",INDEX(Apparitions!$G$1:$G$5001,$A90)&"") | J90: =IF($A90="","",INDEX(Apparitions!$M$1:$M$5001,$A90)&"") | K90: =IF($A90="","",INDEX(Apparitions!$K$1:$K$5001,$A90)) | L90: =IF($A90="","",INDEX(Apparitions!$E$1:$E$5001,$A90)&"") | M90: =IF($A90="","",INDEX(Apparitions!$F$1:$F$5001,$A90)&"") | O90: =IF(I90="",0,IF(COUNTIF(I$16:I90,I90)=1,1,0)) -> 0 | P90: =IF(F90="",0,IF(COUNTIF(F$16:F90,F90)=1,1,0)) -> 0 | Q90: =IF(B90="","",B90&"|"&C90) | R90: =IF(Q90="",0,IF(COUNTIF(Q$16:Q90,Q90)=1,1,0)) -> 0
A91: =IFERROR(MATCH(76,Apparitions!$N$1:$N$5001,0),"") | B91: =IF($A91="","",INDEX(Apparitions!$A$1:$A$5001,$A91)&"") | C91: =IF($A91="","",INDEX(Apparitions!$B$1:$B$5001,$A91)&"") | D91: =IF($A91="","",INDEX(Apparitions!$L$1:$L$5001,$A91)) | E91: =IF($A91="","",INDEX(Apparitions!$C$1:$C$5001,$A91)&"") | F91: =IF($A91="","",INDEX(Apparitions!$H$1:$H$5001,$A91)&"") | G91: =IF($A91="","",INDEX(Apparitions!$I$1:$I$5001,$A91)&"") | H91: =IF($A91="","",INDEX(Apparitions!$J$1:$J$5001,$A91)&"") | I91: =IF($A91="","",INDEX(Apparitions!$G$1:$G$5001,$A91)&"") | J91: =IF($A91="","",INDEX(Apparitions!$M$1:$M$5001,$A91)&"") | K91: =IF($A91="","",INDEX(Apparitions!$K$1:$K$5001,$A91)) | L91: =IF($A91="","",INDEX(Apparitions!$E$1:$E$5001,$A91)&"") | M91: =IF($A91="","",INDEX(Apparitions!$F$1:$F$5001,$A91)&"") | O91: =IF(I91="",0,IF(COUNTIF(I$16:I91,I91)=1,1,0)) -> 0 | P91: =IF(F91="",0,IF(COUNTIF(F$16:F91,F91)=1,1,0)) -> 0 | Q91: =IF(B91="","",B91&"|"&C91) | R91: =IF(Q91="",0,IF(COUNTIF(Q$16:Q91,Q91)=1,1,0)) -> 0
A92: =IFERROR(MATCH(77,Apparitions!$N$1:$N$5001,0),"") | B92: =IF($A92="","",INDEX(Apparitions!$A$1:$A$5001,$A92)&"") | C92: =IF($A92="","",INDEX(Apparitions!$B$1:$B$5001,$A92)&"") | D92: =IF($A92="","",INDEX(Apparitions!$L$1:$L$5001,$A92)) | E92: =IF($A92="","",INDEX(Apparitions!$C$1:$C$5001,$A92)&"") | F92: =IF($A92="","",INDEX(Apparitions!$H$1:$H$5001,$A92)&"") | G92: =IF($A92="","",INDEX(Apparitions!$I$1:$I$5001,$A92)&"") | H92: =IF($A92="","",INDEX(Apparitions!$J$1:$J$5001,$A92)&"") | I92: =IF($A92="","",INDEX(Apparitions!$G$1:$G$5001,$A92)&"") | J92: =IF($A92="","",INDEX(Apparitions!$M$1:$M$5001,$A92)&"") | K92: =IF($A92="","",INDEX(Apparitions!$K$1:$K$5001,$A92)) | L92: =IF($A92="","",INDEX(Apparitions!$E$1:$E$5001,$A92)&"") | M92: =IF($A92="","",INDEX(Apparitions!$F$1:$F$5001,$A92)&"") | O92: =IF(I92="",0,IF(COUNTIF(I$16:I92,I92)=1,1,0)) -> 0 | P92: =IF(F92="",0,IF(COUNTIF(F$16:F92,F92)=1,1,0)) -> 0 | Q92: =IF(B92="","",B92&"|"&C92) | R92: =IF(Q92="",0,IF(COUNTIF(Q$16:Q92,Q92)=1,1,0)) -> 0
A93: =IFERROR(MATCH(78,Apparitions!$N$1:$N$5001,0),"") | B93: =IF($A93="","",INDEX(Apparitions!$A$1:$A$5001,$A93)&"") | C93: =IF($A93="","",INDEX(Apparitions!$B$1:$B$5001,$A93)&"") | D93: =IF($A93="","",INDEX(Apparitions!$L$1:$L$5001,$A93)) | E93: =IF($A93="","",INDEX(Apparitions!$C$1:$C$5001,$A93)&"") | F93: =IF($A93="","",INDEX(Apparitions!$H$1:$H$5001,$A93)&"") | G93: =IF($A93="","",INDEX(Apparitions!$I$1:$I$5001,$A93)&"") | H93: =IF($A93="","",INDEX(Apparitions!$J$1:$J$5001,$A93)&"") | I93: =IF($A93="","",INDEX(Apparitions!$G$1:$G$5001,$A93)&"") | J93: =IF($A93="","",INDEX(Apparitions!$M$1:$M$5001,$A93)&"") | K93: =IF($A93="","",INDEX(Apparitions!$K$1:$K$5001,$A93)) | L93: =IF($A93="","",INDEX(Apparitions!$E$1:$E$5001,$A93)&"") | M93: =IF($A93="","",INDEX(Apparitions!$F$1:$F$5001,$A93)&"") | O93: =IF(I93="",0,IF(COUNTIF(I$16:I93,I93)=1,1,0)) -> 0 | P93: =IF(F93="",0,IF(COUNTIF(F$16:F93,F93)=1,1,0)) -> 0 | Q93: =IF(B93="","",B93&"|"&C93) | R93: =IF(Q93="",0,IF(COUNTIF(Q$16:Q93,Q93)=1,1,0)) -> 0
A94: =IFERROR(MATCH(79,Apparitions!$N$1:$N$5001,0),"") | B94: =IF($A94="","",INDEX(Apparitions!$A$1:$A$5001,$A94)&"") | C94: =IF($A94="","",INDEX(Apparitions!$B$1:$B$5001,$A94)&"") | D94: =IF($A94="","",INDEX(Apparitions!$L$1:$L$5001,$A94)) | E94: =IF($A94="","",INDEX(Apparitions!$C$1:$C$5001,$A94)&"") | F94: =IF($A94="","",INDEX(Apparitions!$H$1:$H$5001,$A94)&"") | G94: =IF($A94="","",INDEX(Apparitions!$I$1:$I$5001,$A94)&"") | H94: =IF($A94="","",INDEX(Apparitions!$J$1:$J$5001,$A94)&"") | I94: =IF($A94="","",INDEX(Apparitions!$G$1:$G$5001,$A94)&"") | J94: =IF($A94="","",INDEX(Apparitions!$M$1:$M$5001,$A94)&"") | K94: =IF($A94="","",INDEX(Apparitions!$K$1:$K$5001,$A94)) | L94: =IF($A94="","",INDEX(Apparitions!$E$1:$E$5001,$A94)&"") | M94: =IF($A94="","",INDEX(Apparitions!$F$1:$F$5001,$A94)&"") | O94: =IF(I94="",0,IF(COUNTIF(I$16:I94,I94)=1,1,0)) -> 0 | P94: =IF(F94="",0,IF(COUNTIF(F$16:F94,F94)=1,1,0)) -> 0 | Q94: =IF(B94="","",B94&"|"&C94) | R94: =IF(Q94="",0,IF(COUNTIF(Q$16:Q94,Q94)=1,1,0)) -> 0
A95: =IFERROR(MATCH(80,Apparitions!$N$1:$N$5001,0),"") | B95: =IF($A95="","",INDEX(Apparitions!$A$1:$A$5001,$A95)&"") | C95: =IF($A95="","",INDEX(Apparitions!$B$1:$B$5001,$A95)&"") | D95: =IF($A95="","",INDEX(Apparitions!$L$1:$L$5001,$A95)) | E95: =IF($A95="","",INDEX(Apparitions!$C$1:$C$5001,$A95)&"") | F95: =IF($A95="","",INDEX(Apparitions!$H$1:$H$5001,$A95)&"") | G95: =IF($A95="","",INDEX(Apparitions!$I$1:$I$5001,$A95)&"") | H95: =IF($A95="","",INDEX(Apparitions!$J$1:$J$5001,$A95)&"") | I95: =IF($A95="","",INDEX(Apparitions!$G$1:$G$5001,$A95)&"") | J95: =IF($A95="","",INDEX(Apparitions!$M$1:$M$5001,$A95)&"") | K95: =IF($A95="","",INDEX(Apparitions!$K$1:$K$5001,$A95)) | L95: =IF($A95="","",INDEX(Apparitions!$E$1:$E$5001,$A95)&"") | M95: =IF($A95="","",INDEX(Apparitions!$F$1:$F$5001,$A95)&"") | O95: =IF(I95="",0,IF(COUNTIF(I$16:I95,I95)=1,1,0)) -> 0 | P95: =IF(F95="",0,IF(COUNTIF(F$16:F95,F95)=1,1,0)) -> 0 | Q95: =IF(B95="","",B95&"|"&C95) | R95: =IF(Q95="",0,IF(COUNTIF(Q$16:Q95,Q95)=1,1,0)) -> 0
A96: =IFERROR(MATCH(81,Apparitions!$N$1:$N$5001,0),"") | B96: =IF($A96="","",INDEX(Apparitions!$A$1:$A$5001,$A96)&"") | C96: =IF($A96="","",INDEX(Apparitions!$B$1:$B$5001,$A96)&"") | D96: =IF($A96="","",INDEX(Apparitions!$L$1:$L$5001,$A96)) | E96: =IF($A96="","",INDEX(Apparitions!$C$1:$C$5001,$A96)&"") | F96: =IF($A96="","",INDEX(Apparitions!$H$1:$H$5001,$A96)&"") | G96: =IF($A96="","",INDEX(Apparitions!$I$1:$I$5001,$A96)&"") | H96: =IF($A96="","",INDEX(Apparitions!$J$1:$J$5001,$A96)&"") | I96: =IF($A96="","",INDEX(Apparitions!$G$1:$G$5001,$A96)&"") | J96: =IF($A96="","",INDEX(Apparitions!$M$1:$M$5001,$A96)&"") | K96: =IF($A96="","",INDEX(Apparitions!$K$1:$K$5001,$A96)) | L96: =IF($A96="","",INDEX(Apparitions!$E$1:$E$5001,$A96)&"") | M96: =IF($A96="","",INDEX(Apparitions!$F$1:$F$5001,$A96)&"") | O96: =IF(I96="",0,IF(COUNTIF(I$16:I96,I96)=1,1,0)) -> 0 | P96: =IF(F96="",0,IF(COUNTIF(F$16:F96,F96)=1,1,0)) -> 0 | Q96: =IF(B96="","",B96&"|"&C96) | R96: =IF(Q96="",0,IF(COUNTIF(Q$16:Q96,Q96)=1,1,0)) -> 0
A97: =IFERROR(MATCH(82,Apparitions!$N$1:$N$5001,0),"") | B97: =IF($A97="","",INDEX(Apparitions!$A$1:$A$5001,$A97)&"") | C97: =IF($A97="","",INDEX(Apparitions!$B$1:$B$5001,$A97)&"") | D97: =IF($A97="","",INDEX(Apparitions!$L$1:$L$5001,$A97)) | E97: =IF($A97="","",INDEX(Apparitions!$C$1:$C$5001,$A97)&"") | F97: =IF($A97="","",INDEX(Apparitions!$H$1:$H$5001,$A97)&"") | G97: =IF($A97="","",INDEX(Apparitions!$I$1:$I$5001,$A97)&"") | H97: =IF($A97="","",INDEX(Apparitions!$J$1:$J$5001,$A97)&"") | I97: =IF($A97="","",INDEX(Apparitions!$G$1:$G$5001,$A97)&"") | J97: =IF($A97="","",INDEX(Apparitions!$M$1:$M$5001,$A97)&"") | K97: =IF($A97="","",INDEX(Apparitions!$K$1:$K$5001,$A97)) | L97: =IF($A97="","",INDEX(Apparitions!$E$1:$E$5001,$A97)&"") | M97: =IF($A97="","",INDEX(Apparitions!$F$1:$F$5001,$A97)&"") | O97: =IF(I97="",0,IF(COUNTIF(I$16:I97,I97)=1,1,0)) -> 0 | P97: =IF(F97="",0,IF(COUNTIF(F$16:F97,F97)=1,1,0)) -> 0 | Q97: =IF(B97="","",B97&"|"&C97) | R97: =IF(Q97="",0,IF(COUNTIF(Q$16:Q97,Q97)=1,1,0)) -> 0
A98: =IFERROR(MATCH(83,Apparitions!$N$1:$N$5001,0),"") | B98: =IF($A98="","",INDEX(Apparitions!$A$1:$A$5001,$A98)&"") | C98: =IF($A98="","",INDEX(Apparitions!$B$1:$B$5001,$A98)&"") | D98: =IF($A98="","",INDEX(Apparitions!$L$1:$L$5001,$A98)) | E98: =IF($A98="","",INDEX(Apparitions!$C$1:$C$5001,$A98)&"") | F98: =IF($A98="","",INDEX(Apparitions!$H$1:$H$5001,$A98)&"") | G98: =IF($A98="","",INDEX(Apparitions!$I$1:$I$5001,$A98)&"") | H98: =IF($A98="","",INDEX(Apparitions!$J$1:$J$5001,$A98)&"") | I98: =IF($A98="","",INDEX(Apparitions!$G$1:$G$5001,$A98)&"") | J98: =IF($A98="","",INDEX(Apparitions!$M$1:$M$5001,$A98)&"") | K98: =IF($A98="","",INDEX(Apparitions!$K$1:$K$5001,$A98)) | L98: =IF($A98="","",INDEX(Apparitions!$E$1:$E$5001,$A98)&"") | M98: =IF($A98="","",INDEX(Apparitions!$F$1:$F$5001,$A98)&"") | O98: =IF(I98="",0,IF(COUNTIF(I$16:I98,I98)=1,1,0)) -> 0 | P98: =IF(F98="",0,IF(COUNTIF(F$16:F98,F98)=1,1,0)) -> 0 | Q98: =IF(B98="","",B98&"|"&C98) | R98: =IF(Q98="",0,IF(COUNTIF(Q$16:Q98,Q98)=1,1,0)) -> 0
A99: =IFERROR(MATCH(84,Apparitions!$N$1:$N$5001,0),"") | B99: =IF($A99="","",INDEX(Apparitions!$A$1:$A$5001,$A99)&"") | C99: =IF($A99="","",INDEX(Apparitions!$B$1:$B$5001,$A99)&"") | D99: =IF($A99="","",INDEX(Apparitions!$L$1:$L$5001,$A99)) | E99: =IF($A99="","",INDEX(Apparitions!$C$1:$C$5001,$A99)&"") | F99: =IF($A99="","",INDEX(Apparitions!$H$1:$H$5001,$A99)&"") | G99: =IF($A99="","",INDEX(Apparitions!$I$1:$I$5001,$A99)&"") | H99: =IF($A99="","",INDEX(Apparitions!$J$1:$J$5001,$A99)&"") | I99: =IF($A99="","",INDEX(Apparitions!$G$1:$G$5001,$A99)&"") | J99: =IF($A99="","",INDEX(Apparitions!$M$1:$M$5001,$A99)&"") | K99: =IF($A99="","",INDEX(Apparitions!$K$1:$K$5001,$A99)) | L99: =IF($A99="","",INDEX(Apparitions!$E$1:$E$5001,$A99)&"") | M99: =IF($A99="","",INDEX(Apparitions!$F$1:$F$5001,$A99)&"") | O99: =IF(I99="",0,IF(COUNTIF(I$16:I99,I99)=1,1,0)) -> 0 | P99: =IF(F99="",0,IF(COUNTIF(F$16:F99,F99)=1,1,0)) -> 0 | Q99: =IF(B99="","",B99&"|"&C99) | R99: =IF(Q99="",0,IF(COUNTIF(Q$16:Q99,Q99)=1,1,0)) -> 0
A100: =IFERROR(MATCH(85,Apparitions!$N$1:$N$5001,0),"") | B100: =IF($A100="","",INDEX(Apparitions!$A$1:$A$5001,$A100)&"") | C100: =IF($A100="","",INDEX(Apparitions!$B$1:$B$5001,$A100)&"") | D100: =IF($A100="","",INDEX(Apparitions!$L$1:$L$5001,$A100)) | E100: =IF($A100="","",INDEX(Apparitions!$C$1:$C$5001,$A100)&"") | F100: =IF($A100="","",INDEX(Apparitions!$H$1:$H$5001,$A100)&"") | G100: =IF($A100="","",INDEX(Apparitions!$I$1:$I$5001,$A100)&"") | H100: =IF($A100="","",INDEX(Apparitions!$J$1:$J$5001,$A100)&"") | I100: =IF($A100="","",INDEX(Apparitions!$G$1:$G$5001,$A100)&"") | J100: =IF($A100="","",INDEX(Apparitions!$M$1:$M$5001,$A100)&"") | K100: =IF($A100="","",INDEX(Apparitions!$K$1:$K$5001,$A100)) | L100: =IF($A100="","",INDEX(Apparitions!$E$1:$E$5001,$A100)&"") | M100: =IF($A100="","",INDEX(Apparitions!$F$1:$F$5001,$A100)&"") | O100: =IF(I100="",0,IF(COUNTIF(I$16:I100,I100)=1,1,0)) -> 0 | P100: =IF(F100="",0,IF(COUNTIF(F$16:F100,F100)=1,1,0)) -> 0 | Q100: =IF(B100="","",B100&"|"&C100) | R100: =IF(Q100="",0,IF(COUNTIF(Q$16:Q100,Q100)=1,1,0)) -> 0
A101: =IFERROR(MATCH(86,Apparitions!$N$1:$N$5001,0),"") | B101: =IF($A101="","",INDEX(Apparitions!$A$1:$A$5001,$A101)&"") | C101: =IF($A101="","",INDEX(Apparitions!$B$1:$B$5001,$A101)&"") | D101: =IF($A101="","",INDEX(Apparitions!$L$1:$L$5001,$A101)) | E101: =IF($A101="","",INDEX(Apparitions!$C$1:$C$5001,$A101)&"") | F101: =IF($A101="","",INDEX(Apparitions!$H$1:$H$5001,$A101)&"") | G101: =IF($A101="","",INDEX(Apparitions!$I$1:$I$5001,$A101)&"") | H101: =IF($A101="","",INDEX(Apparitions!$J$1:$J$5001,$A101)&"") | I101: =IF($A101="","",INDEX(Apparitions!$G$1:$G$5001,$A101)&"") | J101: =IF($A101="","",INDEX(Apparitions!$M$1:$M$5001,$A101)&"") | K101: =IF($A101="","",INDEX(Apparitions!$K$1:$K$5001,$A101)) | L101: =IF($A101="","",INDEX(Apparitions!$E$1:$E$5001,$A101)&"") | M101: =IF($A101="","",INDEX(Apparitions!$F$1:$F$5001,$A101)&"") | O101: =IF(I101="",0,IF(COUNTIF(I$16:I101,I101)=1,1,0)) -> 0 | P101: =IF(F101="",0,IF(COUNTIF(F$16:F101,F101)=1,1,0)) -> 0 | Q101: =IF(B101="","",B101&"|"&C101) | R101: =IF(Q101="",0,IF(COUNTIF(Q$16:Q101,Q101)=1,1,0)) -> 0
...

Sheet Apparitions
A1: Magazine | B1: Numéro | C1: Page | D1: Pub | E1: En vente ○ / × | F1: Remarques | G1: ID pub | H1: Jeu | I1: Plateforme | J1: Série | K1: Nb pages | L1: Date parution | M1: Description pub | N1: (technique)
A2: Weekly Famitsu | B2: 421 | C2: 12 | D2: 1 | Final Fantasy VII (PlayStation) - Cloud devant Midgar | E2: ○ | F2: EXEMPLE - à supprimer | G2: =IF(D2="","",IFERROR(VALUE(LEFT(D2,FIND(" |",D2&" |")-1)),"?")) -> 1 | H2: =IF(G2="","",IF(G2="?","⚠ pub inconnue",IFERROR(INDEX(Pubs!$B$2:$B$3001,MATCH(G2,Pubs!$A$2:$A$3001,0))&"","⚠ pub inconnue"))) -> Final Fantasy VII | I2: =IF(OR(G2="",G2="?"),"",IFERROR(INDEX(Pubs!$C$2:$C$3001,MATCH(G2,Pubs!$A$2:$A$3001,0))&"","")) -> PlayStation | J2: =IF(OR(G2="",G2="?"),"",IFERROR(INDEX(Pubs!$G$2:$G$3001,MATCH(G2,Pubs!$A$2:$A$3001,0))&"","")) -> Final Fantasy | K2: =IF(OR(G2="",G2="?"),"",IFERROR(INDEX(Pubs!$E$2:$E$3001,MATCH(G2,Pubs!$A$2:$A$3001,0)),"")) -> 2 | L2: =IF(A2="","",IFERROR(1/(1/INDEX(Numéros!$C$2:$C$3001,MATCH(A2&"|"&B2,Numéros!$F$2:$F$3001,0))),"")) -> 35433 | M2: =IF(OR(G2="",G2="?"),"",IFERROR(INDEX(Pubs!$D$2:$D$3001,MATCH(G2,Pubs!$A$2:$A$3001,0))&"","")) -> Cloud devant Midgar | N2: =N(N1)+IF(AND(A2<>"",OR(Recherche!$C$4="",A2=Recherche!$C$4),OR(Recherche!$C$5="",B2&""=Recherche!$C$5&""),OR(Recherche!$C$6="",IFERROR(YEAR(L2),0)=Recherche!$C$6),OR(Recherche!$C$7="",ISNUMBER(SEARCH(Recherche!$C$7,H2))),OR(Recherche!$C$8="",J2=Recherche!$C$8),OR(Recherche!$C$9="",I2=Recherche!$C$9),OR(Recherche!$C$10="",G2&""=Recherche!$C$10&""),OR(Recherche!$C$11="",E2=Recherche!$C$11),OR(Recherche!$C$12="",ISNUMBER(SEARCH(Recherche!$C$12,M2&" "&F2)))),1,0) -> 1
A3: Weekly Famitsu | B3: 421 | C3: 40 | D3: 4 | Sakura Taisen (Sega Saturn) - Sakura au sabre | E3: × | F3: EXEMPLE - à supprimer | G3: =IF(D3="","",IFERROR(VALUE(LEFT(D3,FIND(" |",D3&" |")-1)),"?")) -> 4 | H3: =IF(G3="","",IF(G3="?","⚠ pub inconnue",IFERROR(INDEX(Pubs!$B$2:$B$3001,MATCH(G3,Pubs!$A$2:$A$3001,0))&"","⚠ pub inconnue"))) -> Sakura Taisen | I3: =IF(OR(G3="",G3="?"),"",IFERROR(INDEX(Pubs!$C$2:$C$3001,MATCH(G3,Pubs!$A$2:$A$3001,0))&"","")) -> Sega Saturn | J3: =IF(OR(G3="",G3="?"),"",IFERROR(INDEX(Pubs!$G$2:$G$3001,MATCH(G3,Pubs!$A$2:$A$3001,0))&"","")) -> Sakura Taisen | K3: =IF(OR(G3="",G3="?"),"",IFERROR(INDEX(Pubs!$E$2:$E$3001,MATCH(G3,Pubs!$A$2:$A$3001,0)),"")) -> 1 | L3: =IF(A3="","",IFERROR(1/(1/INDEX(Numéros!$C$2:$C$3001,MATCH(A3&"|"&B3,Numéros!$F$2:$F$3001,0))),"")) -> 35433 | M3: =IF(OR(G3="",G3="?"),"",IFERROR(INDEX(Pubs!$D$2:$D$3001,MATCH(G3,Pubs!$A$2:$A$3001,0))&"","")) -> Sakura au sabre | N3: =N(N2)+IF(AND(A3<>"",OR(Recherche!$C$4="",A3=Recherche!$C$4),OR(Recherche!$C$5="",B3&""=Recherche!$C$5&""),OR(Recherche!$C$6="",IFERROR(YEAR(L3),0)=Recherche!$C$6),OR(Recherche!$C$7="",ISNUMBER(SEARCH(Recherche!$C$7,H3))),OR(Recherche!$C$8="",J3=Recherche!$C$8),OR(Recherche!$C$9="",I3=Recherche!$C$9),OR(Recherche!$C$10="",G3&""=Recherche!$C$10&""),OR(Recherche!$C$11="",E3=Recherche!$C$11),OR(Recherche!$C$12="",ISNUMBER(SEARCH(Recherche!$C$12,M3&" "&F3)))),1,0) -> 2
A4: Weekly Famitsu | B4: 425 | C4: 8 | D4: 1 | Final Fantasy VII (PlayStation) - Cloud devant Midgar | E4: × | F4: EXEMPLE - à supprimer | G4: =IF(D4="","",IFERROR(VALUE(LEFT(D4,FIND(" |",D4&" |")-1)),"?")) -> 1 | H4: =IF(G4="","",IF(G4="?","⚠ pub inconnue",IFERROR(INDEX(Pubs!$B$2:$B$3001,MATCH(G4,Pubs!$A$2:$A$3001,0))&"","⚠ pub inconnue"))) -> Final Fantasy VII | I4: =IF(OR(G4="",G4="?"),"",IFERROR(INDEX(Pubs!$C$2:$C$3001,MATCH(G4,Pubs!$A$2:$A$3001,0))&"","")) -> PlayStation | J4: =IF(OR(G4="",G4="?"),"",IFERROR(INDEX(Pubs!$G$2:$G$3001,MATCH(G4,Pubs!$A$2:$A$3001,0))&"","")) -> Final Fantasy | K4: =IF(OR(G4="",G4="?"),"",IFERROR(INDEX(Pubs!$E$2:$E$3001,MATCH(G4,Pubs!$A$2:$A$3001,0)),"")) -> 2 | L4: =IF(A4="","",IFERROR(1/(1/INDEX(Numéros!$C$2:$C$3001,MATCH(A4&"|"&B4,Numéros!$F$2:$F$3001,0))),"")) -> 35461 | M4: =IF(OR(G4="",G4="?"),"",IFERROR(INDEX(Pubs!$D$2:$D$3001,MATCH(G4,Pubs!$A$2:$A$3001,0))&"","")) -> Cloud devant Midgar | N4: =N(N3)+IF(AND(A4<>"",OR(Recherche!$C$4="",A4=Recherche!$C$4),OR(Recherche!$C$5="",B4&""=Recherche!$C$5&""),OR(Recherche!$C$6="",IFERROR(YEAR(L4),0)=Recherche!$C$6),OR(Recherche!$C$7="",ISNUMBER(SEARCH(Recherche!$C$7,H4))),OR(Recherche!$C$8="",J4=Recherche!$C$8),OR(Recherche!$C$9="",I4=Recherche!$C$9),OR(Recherche!$C$10="",G4&""=Recherche!$C$10&""),OR(Recherche!$C$11="",E4=Recherche!$C$11),OR(Recherche!$C$12="",ISNUMBER(SEARCH(Recherche!$C$12,M4&" "&F4)))),1,0) -> 3
A5: Weekly Famitsu | B5: 430 | C5: 2 | D5: 2 | Final Fantasy VII (PlayStation) - Aerith, fond fleurs | E5: ○ | F5: EXEMPLE - à supprimer | G5: =IF(D5="","",IFERROR(VALUE(LEFT(D5,FIND(" |",D5&" |")-1)),"?")) -> 2 | H5: =IF(G5="","",IF(G5="?","⚠ pub inconnue",IFERROR(INDEX(Pubs!$B$2:$B$3001,MATCH(G5,Pubs!$A$2:$A$3001,0))&"","⚠ pub inconnue"))) -> Final Fantasy VII | I5: =IF(OR(G5="",G5="?"),"",IFERROR(INDEX(Pubs!$C$2:$C$3001,MATCH(G5,Pubs!$A$2:$A$3001,0))&"","")) -> PlayStation | J5: =IF(OR(G5="",G5="?"),"",IFERROR(INDEX(Pubs!$G$2:$G$3001,MATCH(G5,Pubs!$A$2:$A$3001,0))&"","")) -> Final Fantasy | K5: =IF(OR(G5="",G5="?"),"",IFERROR(INDEX(Pubs!$E$2:$E$3001,MATCH(G5,Pubs!$A$2:$A$3001,0)),"")) -> 1 | L5: =IF(A5="","",IFERROR(1/(1/INDEX(Numéros!$C$2:$C$3001,MATCH(A5&"|"&B5,Numéros!$F$2:$F$3001,0))),"")) -> 35496 | M5: =IF(OR(G5="",G5="?"),"",IFERROR(INDEX(Pubs!$D$2:$D$3001,MATCH(G5,Pubs!$A$2:$A$3001,0))&"","")) -> Aerith, fond fleurs | N5: =N(N4)+IF(AND(A5<>"",OR(Recherche!$C$4="",A5=Recherche!$C$4),OR(Recherche!$C$5="",B5&""=Recherche!$C$5&""),OR(Recherche!$C$6="",IFERROR(YEAR(L5),0)=Recherche!$C$6),OR(Recherche!$C$7="",ISNUMBER(SEARCH(Recherche!$C$7,H5))),OR(Recherche!$C$8="",J5=Recherche!$C$8),OR(Recherche!$C$9="",I5=Recherche!$C$9),OR(Recherche!$C$10="",G5&""=Recherche!$C$10&""),OR(Recherche!$C$11="",E5=Recherche!$C$11),OR(Recherche!$C$12="",ISNUMBER(SEARCH(Recherche!$C$12,M5&" "&F5)))),1,0) -> 4
A6: Dengeki PlayStation | B6: 38 | C6: 2 | D6: 1 | Final Fantasy VII (PlayStation) - Cloud devant Midgar | E6: ○ | F6: EXEMPLE - à supprimer | G6: =IF(D6="","",IFERROR(VALUE(LEFT(D6,FIND(" |",D6&" |")-1)),"?")) -> 1 | H6: =IF(G6="","",IF(G6="?","⚠ pub inconnue",IFERROR(INDEX(Pubs!$B$2:$B$3001,MATCH(G6,Pubs!$A$2:$A$3001,0))&"","⚠ pub inconnue"))) -> Final Fantasy VII | I6: =IF(OR(G6="",G6="?"),"",IFERROR(INDEX(Pubs!$C$2:$C$3001,MATCH(G6,Pubs!$A$2:$A$3001,0))&"","")) -> PlayStation | J6: =IF(OR(G6="",G6="?"),"",IFERROR(INDEX(Pubs!$G$2:$G$3001,MATCH(G6,Pubs!$A$2:$A$3001,0))&"","")) -> Final Fantasy | K6: =IF(OR(G6="",G6="?"),"",IFERROR(INDEX(Pubs!$E$2:$E$3001,MATCH(G6,Pubs!$A$2:$A$3001,0)),"")) -> 2 | L6: =IF(A6="","",IFERROR(1/(1/INDEX(Numéros!$C$2:$C$3001,MATCH(A6&"|"&B6,Numéros!$F$2:$F$3001,0))),"")) -> 35440 | M6: =IF(OR(G6="",G6="?"),"",IFERROR(INDEX(Pubs!$D$2:$D$3001,MATCH(G6,Pubs!$A$2:$A$3001,0))&"","")) -> Cloud devant Midgar | N6: =N(N5)+IF(AND(A6<>"",OR(Recherche!$C$4="",A6=Recherche!$C$4),OR(Recherche!$C$5="",B6&""=Recherche!$C$5&""),OR(Recherche!$C$6="",IFERROR(YEAR(L6),0)=Recherche!$C$6),OR(Recherche!$C$7="",ISNUMBER(SEARCH(Recherche!$C$7,H6))),OR(Recherche!$C$8="",J6=Recherche!$C$8),OR(Recherche!$C$9="",I6=Recherche!$C$9),OR(Recherche!$C$10="",G6&""=Recherche!$C$10&""),OR(Recherche!$C$11="",E6=Recherche!$C$11),OR(Recherche!$C$12="",ISNUMBER(SEARCH(Recherche!$C$12,M6&" "&F6)))),1,0) -> 5
A7: Dengeki PlayStation | B7: 38 | C7: 100 | D7: 3 | Biohazard 2 (PlayStation) - Leon & Claire | E7: × | F7: EXEMPLE - à supprimer | G7: =IF(D7="","",IFERROR(VALUE(LEFT(D7,FIND(" |",D7&" |")-1)),"?")) -> 3 | H7: =IF(G7="","",IF(G7="?","⚠ pub inconnue",IFERROR(INDEX(Pubs!$B$2:$B$3001,MATCH(G7,Pubs!$A$2:$A$3001,0))&"","⚠ pub inconnue"))) -> Biohazard 2 | I7: =IF(OR(G7="",G7="?"),"",IFERROR(INDEX(Pubs!$C$2:$C$3001,MATCH(G7,Pubs!$A$2:$A$3001,0))&"","")) -> PlayStation | J7: =IF(OR(G7="",G7="?"),"",IFERROR(INDEX(Pubs!$G$2:$G$3001,MATCH(G7,Pubs!$A$2:$A$3001,0))&"","")) -> Biohazard | K7: =IF(OR(G7="",G7="?"),"",IFERROR(INDEX(Pubs!$E$2:$E$3001,MATCH(G7,Pubs!$A$2:$A$3001,0)),"")) -> 2 | L7: =IF(A7="","",IFERROR(1/(1/INDEX(Numéros!$C$2:$C$3001,MATCH(A7&"|"&B7,Numéros!$F$2:$F$3001,0))),"")) -> 35440 | M7: =IF(OR(G7="",G7="?"),"",IFERROR(INDEX(Pubs!$D$2:$D$3001,MATCH(G7,Pubs!$A$2:$A$3001,0))&"","")) -> Leon & Claire | N7: =N(N6)+IF(AND(A7<>"",OR(Recherche!$C$4="",A7=Recherche!$C$4),OR(Recherche!$C$5="",B7&""=Recherche!$C$5&""),OR(Recherche!$C$6="",IFERROR(YEAR(L7),0)=Recherche!$C$6),OR(Recherche!$C$7="",ISNUMBER(SEARCH(Recherche!$C$7,H7))),OR(Recherche!$C$8="",J7=Recherche!$C$8),OR(Recherche!$C$9="",I7=Recherche!$C$9),OR(Recherche!$C$10="",G7&""=Recherche!$C$10&""),OR(Recherche!$C$11="",E7=Recherche!$C$11),OR(Recherche!$C$12="",ISNUMBER(SEARCH(Recherche!$C$12,M7&" "&F7)))),1,0) -> 6
A8: Sega Saturn Magazine | B8: 5 | C8: 1 | D8: 4 | Sakura Taisen (Sega Saturn) - Sakura au sabre | E8: ○ | F8: EXEMPLE - à supprimer | G8: =IF(D8="","",IFERROR(VALUE(LEFT(D8,FIND(" |",D8&" |")-1)),"?")) -> 4 | H8: =IF(G8="","",IF(G8="?","⚠ pub inconnue",IFERROR(INDEX(Pubs!$B$2:$B$3001,MATCH(G8,Pubs!$A$2:$A$3001,0))&"","⚠ pub inconnue"))) -> Sakura Taisen | I8: =IF(OR(G8="",G8="?"),"",IFERROR(INDEX(Pubs!$C$2:$C$3001,MATCH(G8,Pubs!$A$2:$A$3001,0))&"","")) -> Sega Saturn | J8: =IF(OR(G8="",G8="?"),"",IFERROR(INDEX(Pubs!$G$2:$G$3001,MATCH(G8,Pubs!$A$2:$A$3001,0))&"","")) -> Sakura Taisen | K8: =IF(OR(G8="",G8="?"),"",IFERROR(INDEX(Pubs!$E$2:$E$3001,MATCH(G8,Pubs!$A$2:$A$3001,0)),"")) -> 1 | L8: =IF(A8="","",IFERROR(1/(1/INDEX(Numéros!$C$2:$C$3001,MATCH(A8&"|"&B8,Numéros!$F$2:$F$3001,0))),"")) -> 35309 | M8: =IF(OR(G8="",G8="?"),"",IFERROR(INDEX(Pubs!$D$2:$D$3001,MATCH(G8,Pubs!$A$2:$A$3001,0))&"","")) -> Sakura au sabre | N8: =N(N7)+IF(AND(A8<>"",OR(Recherche!$C$4="",A8=Recherche!$C$4),OR(Recherche!$C$5="",B8&""=Recherche!$C$5&""),OR(Recherche!$C$6="",IFERROR(YEAR(L8),0)=Recherche!$C$6),OR(Recherche!$C$7="",ISNUMBER(SEARCH(Recherche!$C$7,H8))),OR(Recherche!$C$8="",J8=Recherche!$C$8),OR(Recherche!$C$9="",I8=Recherche!$C$9),OR(Recherche!$C$10="",G8&""=Recherche!$C$10&""),OR(Recherche!$C$11="",E8=Recherche!$C$11),OR(Recherche!$C$12="",ISNUMBER(SEARCH(Recherche!$C$12,M8&" "&F8)))),1,0) -> 7
A9: Weekly Famitsu | B9: 600 | C9: 4 | D9: 5 | Dragon Quest VII (PlayStation) - Logo + illustration | E9: × | F9: EXEMPLE - à supprimer | G9: =IF(D9="","",IFERROR(VALUE(LEFT(D9,FIND(" |",D9&" |")-1)),"?")) -> 5 | H9: =IF(G9="","",IF(G9="?","⚠ pub inconnue",IFERROR(INDEX(Pubs!$B$2:$B$3001,MATCH(G9,Pubs!$A$2:$A$3001,0))&"","⚠ pub inconnue"))) -> Dragon Quest VII | I9: =IF(OR(G9="",G9="?"),"",IFERROR(INDEX(Pubs!$C$2:$C$3001,MATCH(G9,Pubs!$A$2:$A$3001,0))&"","")) -> PlayStation | J9: =IF(OR(G9="",G9="?"),"",IFERROR(INDEX(Pubs!$G$2:$G$3001,MATCH(G9,Pubs!$A$2:$A$3001,0))&"","")) -> Dragon Quest | K9: =IF(OR(G9="",G9="?"),"",IFERROR(INDEX(Pubs!$E$2:$E$3001,MATCH(G9,Pubs!$A$2:$A$3001,0)),"")) -> 2 | L9: =IF(A9="","",IFERROR(1/(1/INDEX(Numéros!$C$2:$C$3001,MATCH(A9&"|"&B9,Numéros!$F$2:$F$3001,0))),"")) | M9: =IF(OR(G9="",G9="?"),"",IFERROR(INDEX(Pubs!$D$2:$D$3001,MATCH(G9,Pubs!$A$2:$A$3001,0))&"","")) -> Logo + illustration | N9: =N(N8)+IF(AND(A9<>"",OR(Recherche!$C$4="",A9=Recherche!$C$4),OR(Recherche!$C$5="",B9&""=Recherche!$C$5&""),OR(Recherche!$C$6="",IFERROR(YEAR(L9),0)=Recherche!$C$6),OR(Recherche!$C$7="",ISNUMBER(SEARCH(Recherche!$C$7,H9))),OR(Recherche!$C$8="",J9=Recherche!$C$8),OR(Recherche!$C$9="",I9=Recherche!$C$9),OR(Recherche!$C$10="",G9&""=Recherche!$C$10&""),OR(Recherche!$C$11="",E9=Recherche!$C$11),OR(Recherche!$C$12="",ISNUMBER(SEARCH(Recherche!$C$12,M9&" "&F9)))),1,0) -> 8
G10: =IF(D10="","",IFERROR(VALUE(LEFT(D10,FIND(" |",D10&" |")-1)),"?")) | H10: =IF(G10="","",IF(G10="?","⚠ pub inconnue",IFERROR(INDEX(Pubs!$B$2:$B$3001,MATCH(G10,Pubs!$A$2:$A$3001,0))&"","⚠ pub inconnue"))) | I10: =IF(OR(G10="",G10="?"),"",IFERROR(INDEX(Pubs!$C$2:$C$3001,MATCH(G10,Pubs!$A$2:$A$3001,0))&"","")) | J10: =IF(OR(G10="",G10="?"),"",IFERROR(INDEX(Pubs!$G$2:$G$3001,MATCH(G10,Pubs!$A$2:$A$3001,0))&"","")) | K10: =IF(OR(G10="",G10="?"),"",IFERROR(INDEX(Pubs!$E$2:$E$3001,MATCH(G10,Pubs!$A$2:$A$3001,0)),"")) | L10: =IF(A10="","",IFERROR(1/(1/INDEX(Numéros!$C$2:$C$3001,MATCH(A10&"|"&B10,Numéros!$F$2:$F$3001,0))),"")) | M10: =IF(OR(G10="",G10="?"),"",IFERROR(INDEX(Pubs!$D$2:$D$3001,MATCH(G10,Pubs!$A$2:$A$3001,0))&"","")) | N10: =N(N9)+IF(AND(A10<>"",OR(Recherche!$C$4="",A10=Recherche!$C$4),OR(Recherche!$C$5="",B10&""=Recherche!$C$5&""),OR(Recherche!$C$6="",IFERROR(YEAR(L10),0)=Recherche!$C$6),OR(Recherche!$C$7="",ISNUMBER(SEARCH(Recherche!$C$7,H10))),OR(Recherche!$C$8="",J10=Recherche!$C$8),OR(Recherche!$C$9="",I10=Recherche!$C$9),OR(Recherche!$C$10="",G10&""=Recherche!$C$10&""),OR(Recherche!$C$11="",E10=Recherche!$C$11),OR(Recherche!$C$12="",ISNUMBER(SEARCH(Recherche!$C$12,M10&" "&F10)))),1,0) -> 8
G11: =IF(D11="","",IFERROR(VALUE(LEFT(D11,FIND(" |",D11&" |")-1)),"?")) | H11: =IF(G11="","",IF(G11="?","⚠ pub inconnue",IFERROR(INDEX(Pubs!$B$2:$B$3001,MATCH(G11,Pubs!$A$2:$A$3001,0))&"","⚠ pub inconnue"))) | I11: =IF(OR(G11="",G11="?"),"",IFERROR(INDEX(Pubs!$C$2:$C$3001,MATCH(G11,Pubs!$A$2:$A$3001,0))&"","")) | J11: =IF(OR(G11="",G11="?"),"",IFERROR(INDEX(Pubs!$G$2:$G$3001,MATCH(G11,Pubs!$A$2:$A$3001,0))&"","")) | K11: =IF(OR(G11="",G11="?"),"",IFERROR(INDEX(Pubs!$E$2:$E$3001,MATCH(G11,Pubs!$A$2:$A$3001,0)),"")) | L11: =IF(A11="","",IFERROR(1/(1/INDEX(Numéros!$C$2:$C$3001,MATCH(A11&"|"&B11,Numéros!$F$2:$F$3001,0))),"")) | M11: =IF(OR(G11="",G11="?"),"",IFERROR(INDEX(Pubs!$D$2:$D$3001,MATCH(G11,Pubs!$A$2:$A$3001,0))&"","")) | N11: =N(N10)+IF(AND(A11<>"",OR(Recherche!$C$4="",A11=Recherche!$C$4),OR(Recherche!$C$5="",B11&""=Recherche!$C$5&""),OR(Recherche!$C$6="",IFERROR(YEAR(L11),0)=Recherche!$C$6),OR(Recherche!$C$7="",ISNUMBER(SEARCH(Recherche!$C$7,H11))),OR(Recherche!$C$8="",J11=Recherche!$C$8),OR(Recherche!$C$9="",I11=Recherche!$C$9),OR(Recherche!$C$10="",G11&""=Recherche!$C$10&""),OR(Recherche!$C$11="",E11=Recherche!$C$11),OR(Recherche!$C$12="",ISNUMBER(SEARCH(Recherche!$C$12,M11&" "&F11)))),1,0) -> 8
G12: =IF(D12="","",IFERROR(VALUE(LEFT(D12,FIND(" |",D12&" |")-1)),"?")) | H12: =IF(G12="","",IF(G12="?","⚠ pub inconnue",IFERROR(INDEX(Pubs!$B$2:$B$3001,MATCH(G12,Pubs!$A$2:$A$3001,0))&"","⚠ pub inconnue"))) | I12: =IF(OR(G12="",G12="?"),"",IFERROR(INDEX(Pubs!$C$2:$C$3001,MATCH(G12,Pubs!$A$2:$A$3001,0))&"","")) | J12: =IF(OR(G12="",G12="?"),"",IFERROR(INDEX(Pubs!$G$2:$G$3001,MATCH(G12,Pubs!$A$2:$A$3001,0))&"","")) | K12: =IF(OR(G12="",G12="?"),"",IFERROR(INDEX(Pubs!$E$2:$E$3001,MATCH(G12,Pubs!$A$2:$A$3001,0)),"")) | L12: =IF(A12="","",IFERROR(1/(1/INDEX(Numéros!$C$2:$C$3001,MATCH(A12&"|"&B12,Numéros!$F$2:$F$3001,0))),"")) | M12: =IF(OR(G12="",G12="?"),"",IFERROR(INDEX(Pubs!$D$2:$D$3001,MATCH(G12,Pubs!$A$2:$A$3001,0))&"","")) | N12: =N(N11)+IF(AND(A12<>"",OR(Recherche!$C$4="",A12=Recherche!$C$4),OR(Recherche!$C$5="",B12&""=Recherche!$C$5&""),OR(Recherche!$C$6="",IFERROR(YEAR(L12),0)=Recherche!$C$6),OR(Recherche!$C$7="",ISNUMBER(SEARCH(Recherche!$C$7,H12))),OR(Recherche!$C$8="",J12=Recherche!$C$8),OR(Recherche!$C$9="",I12=Recherche!$C$9),OR(Recherche!$C$10="",G12&""=Recherche!$C$10&""),OR(Recherche!$C$11="",E12=Recherche!$C$11),OR(Recherche!$C$12="",ISNUMBER(SEARCH(Recherche!$C$12,M12&" "&F12)))),1,0) -> 8
G13: =IF(D13="","",IFERROR(VALUE(LEFT(D13,FIND(" |",D13&" |")-1)),"?")) | H13: =IF(G13="","",IF(G13="?","⚠ pub inconnue",IFERROR(INDEX(Pubs!$B$2:$B$3001,MATCH(G13,Pubs!$A$2:$A$3001,0))&"","⚠ pub inconnue"))) | I13: =IF(OR(G13="",G13="?"),"",IFERROR(INDEX(Pubs!$C$2:$C$3001,MATCH(G13,Pubs!$A$2:$A$3001,0))&"","")) | J13: =IF(OR(G13="",G13="?"),"",IFERROR(INDEX(Pubs!$G$2:$G$3001,MATCH(G13,Pubs!$A$2:$A$3001,0))&"","")) | K13: =IF(OR(G13="",G13="?"),"",IFERROR(INDEX(Pubs!$E$2:$E$3001,MATCH(G13,Pubs!$A$2:$A$3001,0)),"")) | L13: =IF(A13="","",IFERROR(1/(1/INDEX(Numéros!$C$2:$C$3001,MATCH(A13&"|"&B13,Numéros!$F$2:$F$3001,0))),"")) | M13: =IF(OR(G13="",G13="?"),"",IFERROR(INDEX(Pubs!$D$2:$D$3001,MATCH(G13,Pubs!$A$2:$A$3001,0))&"","")) | N13: =N(N12)+IF(AND(A13<>"",OR(Recherche!$C$4="",A13=Recherche!$C$4),OR(Recherche!$C$5="",B13&""=Recherche!$C$5&""),OR(Recherche!$C$6="",IFERROR(YEAR(L13),0)=Recherche!$C$6),OR(Recherche!$C$7="",ISNUMBER(SEARCH(Recherche!$C$7,H13))),OR(Recherche!$C$8="",J13=Recherche!$C$8),OR(Recherche!$C$9="",I13=Recherche!$C$9),OR(Recherche!$C$10="",G13&""=Recherche!$C$10&""),OR(Recherche!$C$11="",E13=Recherche!$C$11),OR(Recherche!$C$12="",ISNUMBER(SEARCH(Recherche!$C$12,M13&" "&F13)))),1,0) -> 8
G14: =IF(D14="","",IFERROR(VALUE(LEFT(D14,FIND(" |",D14&" |")-1)),"?")) | H14: =IF(G14="","",IF(G14="?","⚠ pub inconnue",IFERROR(INDEX(Pubs!$B$2:$B$3001,MATCH(G14,Pubs!$A$2:$A$3001,0))&"","⚠ pub inconnue"))) | I14: =IF(OR(G14="",G14="?"),"",IFERROR(INDEX(Pubs!$C$2:$C$3001,MATCH(G14,Pubs!$A$2:$A$3001,0))&"","")) | J14: =IF(OR(G14="",G14="?"),"",IFERROR(INDEX(Pubs!$G$2:$G$3001,MATCH(G14,Pubs!$A$2:$A$3001,0))&"","")) | K14: =IF(OR(G14="",G14="?"),"",IFERROR(INDEX(Pubs!$E$2:$E$3001,MATCH(G14,Pubs!$A$2:$A$3001,0)),"")) | L14: =IF(A14="","",IFERROR(1/(1/INDEX(Numéros!$C$2:$C$3001,MATCH(A14&"|"&B14,Numéros!$F$2:$F$3001,0))),"")) | M14: =IF(OR(G14="",G14="?"),"",IFERROR(INDEX(Pubs!$D$2:$D$3001,MATCH(G14,Pubs!$A$2:$A$3001,0))&"","")) | N14: =N(N13)+IF(AND(A14<>"",OR(Recherche!$C$4="",A14=Recherche!$C$4),OR(Recherche!$C$5="",B14&""=Recherche!$C$5&""),OR(Recherche!$C$6="",IFERROR(YEAR(L14),0)=Recherche!$C$6),OR(Recherche!$C$7="",ISNUMBER(SEARCH(Recherche!$C$7,H14))),OR(Recherche!$C$8="",J14=Recherche!$C$8),OR(Recherche!$C$9="",I14=Recherche!$C$9),OR(Recherche!$C$10="",G14&""=Recherche!$C$10&""),OR(Recherche!$C$11="",E14=Recherche!$C$11),OR(Recherche!$C$12="",ISNUMBER(SEARCH(Recherche!$C$12,M14&" "&F14)))),1,0) -> 8
G15: =IF(D15="","",IFERROR(VALUE(LEFT(D15,FIND(" |",D15&" |")-1)),"?")) | H15: =IF(G15="","",IF(G15="?","⚠ pub inconnue",IFERROR(INDEX(Pubs!$B$2:$B$3001,MATCH(G15,Pubs!$A$2:$A$3001,0))&"","⚠ pub inconnue"))) | I15: =IF(OR(G15="",G15="?"),"",IFERROR(INDEX(Pubs!$C$2:$C$3001,MATCH(G15,Pubs!$A$2:$A$3001,0))&"","")) | J15: =IF(OR(G15="",G15="?"),"",IFERROR(INDEX(Pubs!$G$2:$G$3001,MATCH(G15,Pubs!$A$2:$A$3001,0))&"","")) | K15: =IF(OR(G15="",G15="?"),"",IFERROR(INDEX(Pubs!$E$2:$E$3001,MATCH(G15,Pubs!$A$2:$A$3001,0)),"")) | L15: =IF(A15="","",IFERROR(1/(1/INDEX(Numéros!$C$2:$C$3001,MATCH(A15&"|"&B15,Numéros!$F$2:$F$3001,0))),"")) | M15: =IF(OR(G15="",G15="?"),"",IFERROR(INDEX(Pubs!$D$2:$D$3001,MATCH(G15,Pubs!$A$2:$A$3001,0))&"","")) | N15: =N(N14)+IF(AND(A15<>"",OR(Recherche!$C$4="",A15=Recherche!$C$4),OR(Recherche!$C$5="",B15&""=Recherche!$C$5&""),OR(Recherche!$C$6="",IFERROR(YEAR(L15),0)=Recherche!$C$6),OR(Recherche!$C$7="",ISNUMBER(SEARCH(Recherche!$C$7,H15))),OR(Recherche!$C$8="",J15=Recherche!$C$8),OR(Recherche!$C$9="",I15=Recherche!$C$9),OR(Recherche!$C$10="",G15&""=Recherche!$C$10&""),OR(Recherche!$C$11="",E15=Recherche!$C$11),OR(Recherche!$C$12="",ISNUMBER(SEARCH(Recherche!$C$12,M15&" "&F15)))),1,0) -> 8
G16: =IF(D16="","",IFERROR(VALUE(LEFT(D16,FIND(" |",D16&" |")-1)),"?")) | H16: =IF(G16="","",IF(G16="?","⚠ pub inconnue",IFERROR(INDEX(Pubs!$B$2:$B$3001,MATCH(G16,Pubs!$A$2:$A$3001,0))&"","⚠ pub inconnue"))) | I16: =IF(OR(G16="",G16="?"),"",IFERROR(INDEX(Pubs!$C$2:$C$3001,MATCH(G16,Pubs!$A$2:$A$3001,0))&"","")) | J16: =IF(OR(G16="",G16="?"),"",IFERROR(INDEX(Pubs!$G$2:$G$3001,MATCH(G16,Pubs!$A$2:$A$3001,0))&"","")) | K16: =IF(OR(G16="",G16="?"),"",IFERROR(INDEX(Pubs!$E$2:$E$3001,MATCH(G16,Pubs!$A$2:$A$3001,0)),"")) | L16: =IF(A16="","",IFERROR(1/(1/INDEX(Numéros!$C$2:$C$3001,MATCH(A16&"|"&B16,Numéros!$F$2:$F$3001,0))),"")) | M16: =IF(OR(G16="",G16="?"),"",IFERROR(INDEX(Pubs!$D$2:$D$3001,MATCH(G16,Pubs!$A$2:$A$3001,0))&"","")) | N16: =N(N15)+IF(AND(A16<>"",OR(Recherche!$C$4="",A16=Recherche!$C$4),OR(Recherche!$C$5="",B16&""=Recherche!$C$5&""),OR(Recherche!$C$6="",IFERROR(YEAR(L16),0)=Recherche!$C$6),OR(Recherche!$C$7="",ISNUMBER(SEARCH(Recherche!$C$7,H16))),OR(Recherche!$C$8="",J16=Recherche!$C$8),OR(Recherche!$C$9="",I16=Recherche!$C$9),OR(Recherche!$C$10="",G16&""=Recherche!$C$10&""),OR(Recherche!$C$11="",E16=Recherche!$C$11),OR(Recherche!$C$12="",ISNUMBER(SEARCH(Recherche!$C$12,M16&" "&F16)))),1,0) -> 8
G17: =IF(D17="","",IFERROR(VALUE(LEFT(D17,FIND(" |",D17&" |")-1)),"?")) | H17: =IF(G17="","",IF(G17="?","⚠ pub inconnue",IFERROR(INDEX(Pubs!$B$2:$B$3001,MATCH(G17,Pubs!$A$2:$A$3001,0))&"","⚠ pub inconnue"))) | I17: =IF(OR(G17="",G17="?"),"",IFERROR(INDEX(Pubs!$C$2:$C$3001,MATCH(G17,Pubs!$A$2:$A$3001,0))&"","")) | J17: =IF(OR(G17="",G17="?"),"",IFERROR(INDEX(Pubs!$G$2:$G$3001,MATCH(G17,Pubs!$A$2:$A$3001,0))&"","")) | K17: =IF(OR(G17="",G17="?"),"",IFERROR(INDEX(Pubs!$E$2:$E$3001,MATCH(G17,Pubs!$A$2:$A$3001,0)),"")) | L17: =IF(A17="","",IFERROR(1/(1/INDEX(Numéros!$C$2:$C$3001,MATCH(A17&"|"&B17,Numéros!$F$2:$F$3001,0))),"")) | M17: =IF(OR(G17="",G17="?"),"",IFERROR(INDEX(Pubs!$D$2:$D$3001,MATCH(G17,Pubs!$A$2:$A$3001,0))&"","")) | N17: =N(N16)+IF(AND(A17<>"",OR(Recherche!$C$4="",A17=Recherche!$C$4),OR(Recherche!$C$5="",B17&""=Recherche!$C$5&""),OR(Recherche!$C$6="",IFERROR(YEAR(L17),0)=Recherche!$C$6),OR(Recherche!$C$7="",ISNUMBER(SEARCH(Recherche!$C$7,H17))),OR(Recherche!$C$8="",J17=Recherche!$C$8),OR(Recherche!$C$9="",I17=Recherche!$C$9),OR(Recherche!$C$10="",G17&""=Recherche!$C$10&""),OR(Recherche!$C$11="",E17=Recherche!$C$11),OR(Recherche!$C$12="",ISNUMBER(SEARCH(Recherche!$C$12,M17&" "&F17)))),1,0) -> 8
G18: =IF(D18="","",IFERROR(VALUE(LEFT(D18,FIND(" |",D18&" |")-1)),"?")) | H18: =IF(G18="","",IF(G18="?","⚠ pub inconnue",IFERROR(INDEX(Pubs!$B$2:$B$3001,MATCH(G18,Pubs!$A$2:$A$3001,0))&"","⚠ pub inconnue"))) | I18: =IF(OR(G18="",G18="?"),"",IFERROR(INDEX(Pubs!$C$2:$C$3001,MATCH(G18,Pubs!$A$2:$A$3001,0))&"","")) | J18: =IF(OR(G18="",G18="?"),"",IFERROR(INDEX(Pubs!$G$2:$G$3001,MATCH(G18,Pubs!$A$2:$A$3001,0))&"","")) | K18: =IF(OR(G18="",G18="?"),"",IFERROR(INDEX(Pubs!$E$2:$E$3001,MATCH(G18,Pubs!$A$2:$A$3001,0)),"")) | L18: =IF(A18="","",IFERROR(1/(1/INDEX(Numéros!$C$2:$C$3001,MATCH(A18&"|"&B18,Numéros!$F$2:$F$3001,0))),"")) | M18: =IF(OR(G18="",G18="?"),"",IFERROR(INDEX(Pubs!$D$2:$D$3001,MATCH(G18,Pubs!$A$2:$A$3001,0))&"","")) | N18: =N(N17)+IF(AND(A18<>"",OR(Recherche!$C$4="",A18=Recherche!$C$4),OR(Recherche!$C$5="",B18&""=Recherche!$C$5&""),OR(Recherche!$C$6="",IFERROR(YEAR(L18),0)=Recherche!$C$6),OR(Recherche!$C$7="",ISNUMBER(SEARCH(Recherche!$C$7,H18))),OR(Recherche!$C$8="",J18=Recherche!$C$8),OR(Recherche!$C$9="",I18=Recherche!$C$9),OR(Recherche!$C$10="",G18&""=Recherche!$C$10&""),OR(Recherche!$C$11="",E18=Recherche!$C$11),OR(Recherche!$C$12="",ISNUMBER(SEARCH(Recherche!$C$12,M18&" "&F18)))),1,0) -> 8
G19: =IF(D19="","",IFERROR(VALUE(LEFT(D19,FIND(" |",D19&" |")-1)),"?")) | H19: =IF(G19="","",IF(G19="?","⚠ pub inconnue",IFERROR(INDEX(Pubs!$B$2:$B$3001,MATCH(G19,Pubs!$A$2:$A$3001,0))&"","⚠ pub inconnue"))) | I19: =IF(OR(G19="",G19="?"),"",IFERROR(INDEX(Pubs!$C$2:$C$3001,MATCH(G19,Pubs!$A$2:$A$3001,0))&"","")) | J19: =IF(OR(G19="",G19="?"),"",IFERROR(INDEX(Pubs!$G$2:$G$3001,MATCH(G19,Pubs!$A$2:$A$3001,0))&"","")) | K19: =IF(OR(G19="",G19="?"),"",IFERROR(INDEX(Pubs!$E$2:$E$3001,MATCH(G19,Pubs!$A$2:$A$3001,0)),"")) | L19: =IF(A19="","",IFERROR(1/(1/INDEX(Numéros!$C$2:$C$3001,MATCH(A19&"|"&B19,Numéros!$F$2:$F$3001,0))),"")) | M19: =IF(OR(G19="",G19="?"),"",IFERROR(INDEX(Pubs!$D$2:$D$3001,MATCH(G19,Pubs!$A$2:$A$3001,0))&"","")) | N19: =N(N18)+IF(AND(A19<>"",OR(Recherche!$C$4="",A19=Recherche!$C$4),OR(Recherche!$C$5="",B19&""=Recherche!$C$5&""),OR(Recherche!$C$6="",IFERROR(YEAR(L19),0)=Recherche!$C$6),OR(Recherche!$C$7="",ISNUMBER(SEARCH(Recherche!$C$7,H19))),OR(Recherche!$C$8="",J19=Recherche!$C$8),OR(Recherche!$C$9="",I19=Recherche!$C$9),OR(Recherche!$C$10="",G19&""=Recherche!$C$10&""),OR(Recherche!$C$11="",E19=Recherche!$C$11),OR(Recherche!$C$12="",ISNUMBER(SEARCH(Recherche!$C$12,M19&" "&F19)))),1,0) -> 8
G20: =IF(D20="","",IFERROR(VALUE(LEFT(D20,FIND(" |",D20&" |")-1)),"?")) | H20: =IF(G20="","",IF(G20="?","⚠ pub inconnue",IFERROR(INDEX(Pubs!$B$2:$B$3001,MATCH(G20,Pubs!$A$2:$A$3001,0))&"","⚠ pub inconnue"))) | I20: =IF(OR(G20="",G20="?"),"",IFERROR(INDEX(Pubs!$C$2:$C$3001,MATCH(G20,Pubs!$A$2:$A$3001,0))&"","")) | J20: =IF(OR(G20="",G20="?"),"",IFERROR(INDEX(Pubs!$G$2:$G$3001,MATCH(G20,Pubs!$A$2:$A$3001,0))&"","")) | K20: =IF(OR(G20="",G20="?"),"",IFERROR(INDEX(Pubs!$E$2:$E$3001,MATCH(G20,Pubs!$A$2:$A$3001,0)),"")) | L20: =IF(A20="","",IFERROR(1/(1/INDEX(Numéros!$C$2:$C$3001,MATCH(A20&"|"&B20,Numéros!$F$2:$F$3001,0))),"")) | M20: =IF(OR(G20="",G20="?"),"",IFERROR(INDEX(Pubs!$D$2:$D$3001,MATCH(G20,Pubs!$A$2:$A$3001,0))&"","")) | N20: =N(N19)+IF(AND(A20<>"",OR(Recherche!$C$4="",A20=Recherche!$C$4),OR(Recherche!$C$5="",B20&""=Recherche!$C$5&""),OR(Recherche!$C$6="",IFERROR(YEAR(L20),0)=Recherche!$C$6),OR(Recherche!$C$7="",ISNUMBER(SEARCH(Recherche!$C$7,H20))),OR(Recherche!$C$8="",J20=Recherche!$C$8),OR(Recherche!$C$9="",I20=Recherche!$C$9),OR(Recherche!$C$10="",G20&""=Recherche!$C$10&""),OR(Recherche!$C$11="",E20=Recherche!$C$11),OR(Recherche!$C$12="",ISNUMBER(SEARCH(Recherche!$C$12,M20&" "&F20)))),1,0) -> 8
G21: =IF(D21="","",IFERROR(VALUE(LEFT(D21,FIND(" |",D21&" |")-1)),"?")) | H21: =IF(G21="","",IF(G21="?","⚠ pub inconnue",IFERROR(INDEX(Pubs!$B$2:$B$3001,MATCH(G21,Pubs!$A$2:$A$3001,0))&"","⚠ pub inconnue"))) | I21: =IF(OR(G21="",G21="?"),"",IFERROR(INDEX(Pubs!$C$2:$C$3001,MATCH(G21,Pubs!$A$2:$A$3001,0))&"","")) | J21: =IF(OR(G21="",G21="?"),"",IFERROR(INDEX(Pubs!$G$2:$G$3001,MATCH(G21,Pubs!$A$2:$A$3001,0))&"","")) | K21: =IF(OR(G21="",G21="?"),"",IFERROR(INDEX(Pubs!$E$2:$E$3001,MATCH(G21,Pubs!$A$2:$A$3001,0)),"")) | L21: =IF(A21="","",IFERROR(1/(1/INDEX(Numéros!$C$2:$C$3001,MATCH(A21&"|"&B21,Numéros!$F$2:$F$3001,0))),"")) | M21: =IF(OR(G21="",G21="?"),"",IFERROR(INDEX(Pubs!$D$2:$D$3001,MATCH(G21,Pubs!$A$2:$A$3001,0))&"","")) | N21: =N(N20)+IF(AND(A21<>"",OR(Recherche!$C$4="",A21=Recherche!$C$4),OR(Recherche!$C$5="",B21&""=Recherche!$C$5&""),OR(Recherche!$C$6="",IFERROR(YEAR(L21),0)=Recherche!$C$6),OR(Recherche!$C$7="",ISNUMBER(SEARCH(Recherche!$C$7,H21))),OR(Recherche!$C$8="",J21=Recherche!$C$8),OR(Recherche!$C$9="",I21=Recherche!$C$9),OR(Recherche!$C$10="",G21&""=Recherche!$C$10&""),OR(Recherche!$C$11="",E21=Recherche!$C$11),OR(Recherche!$C$12="",ISNUMBER(SEARCH(Recherche!$C$12,M21&" "&F21)))),1,0) -> 8
... G5001: =IF(D5001="","",IFERROR(VALUE(LEFT(D5001,FIND(" |",D5001&" |")-1)),"?")) | H5001: =IF(G5001="","",IF(G5001="?","⚠ pub inconnue",IFERROR(INDEX(Pubs!$B$2:$B$3001,MATCH(G5001,Pubs!$A$2:$A$3001,0))&"","⚠ pub inconnue"))) | I5001: =IF(OR(G5001="",G5001="?"),"",IFERROR(INDEX(Pubs!$C$2:$C$3001,MATCH(G5001,Pubs!$A$2:$A$3001,0))&"","")) | J5001: =IF(OR(G5001="",G5001="?"),"",IFERROR(INDEX(Pubs!$G$2:$G$3001,MATCH(G5001,Pubs!$A$2:$A$3001,0))&"","")) | K5001: =IF(OR(G5001="",G5001="?"),"",IFERROR(INDEX(Pubs!$E$2:$E$3001,MATCH(G5001,Pubs!$A$2:$A$3001,0)),"")) | L5001: =IF(A5001="","",IFERROR(1/(1/INDEX(Numéros!$C$2:$C$3001,MATCH(A5001&"|"&B5001,Numéros!$F$2:$F$3001,0))),"")) | M5001: =IF(OR(G5001="",G5001="?"),"",IFERROR(INDEX(Pubs!$D$2:$D$3001,MATCH(G5001,Pubs!$A$2:$A$3001,0))&"","")) | N5001: =N(N5000)+IF(AND(A5001<>"",OR(Recherche!$C$4="",A5001=Recherche!$C$4),OR(Recherche!$C$5="",B5001&""=Recherche!$C$5&""),OR(Recherche!$C$6="",IFERROR(YEAR(L5001),0)=Recherche!$C$6),OR(Recherche!$C$7="",ISNUMBER(SEARCH(Recherche!$C$7,H5001))),OR(Recherche!$C$8="",J5001=Recherche!$C$8),OR(Recherche!$C$9="",I5001=Recherche!$C$9),OR(Recherche!$C$10="",G5001&""=Recherche!$C$10&""),OR(Recherche!$C$11="",E5001=Recherche!$C$11),OR(Recherche!$C$12="",ISNUMBER(SEARCH(Recherche!$C$12,M5001&" "&F5001)))),1,0) -> 8

Sheet Pubs
A1: ID | B1: Jeu | C1: Plateforme | D1: Description / visuel | E1: Nb pages | F1: Remarques | G1: Série | H1: Éditeur | I1: Nb apparitions | J1: Dont en vente | K1: 1re parution | L1: Libellé (liste) | N1: Prochain ID libre → | O1: =MAX(Pubs!$A$2:$A$3001)+1 -> 6
A2: 1 | B2: Final Fantasy VII | C2: PlayStation | D2: Cloud devant Midgar | E2: 2 | F2: EXEMPLE - à supprimer | G2: =IF(B2="","",IFERROR(INDEX(Jeux!$C$2:$C$3001,MATCH(B2,Jeux!$A$2:$A$3001,0))&"","⚠ jeu inconnu")) -> Final Fantasy | H2: =IF(B2="","",IFERROR(INDEX(Jeux!$D$2:$D$3001,MATCH(B2,Jeux!$A$2:$A$3001,0))&"","")) -> Square | I2: =IF(A2="","",COUNTIF(Apparitions!$G$2:$G$5001,A2)) -> 3 | J2: =IF(A2="","",COUNTIFS(Apparitions!$G$2:$G$5001,A2,Apparitions!$E$2:$E$5001,"○")) -> 2 | K2: =IF(A2="","",IFERROR(1/(1/_xlfn.MINIFS(Apparitions!$L$2:$L$5001,Apparitions!$G$2:$G$5001,A2)),"")) -> 35433 | L2: =IF(A2="","",A2&" | "&B2&IF(C2="",""," ("&C2&")")&IF(D2="",""," - "&D2)) -> 1 | Final Fantasy VII (PlayStation) - Cloud devant Midgar
A3: 2 | B3: Final Fantasy VII | C3: PlayStation | D3: Aerith, fond fleurs | E3: 1 | F3: EXEMPLE - à supprimer | G3: =IF(B3="","",IFERROR(INDEX(Jeux!$C$2:$C$3001,MATCH(B3,Jeux!$A$2:$A$3001,0))&"","⚠ jeu inconnu")) -> Final Fantasy | H3: =IF(B3="","",IFERROR(INDEX(Jeux!$D$2:$D$3001,MATCH(B3,Jeux!$A$2:$A$3001,0))&"","")) -> Square | I3: =IF(A3="","",COUNTIF(Apparitions!$G$2:$G$5001,A3)) -> 1 | J3: =IF(A3="","",COUNTIFS(Apparitions!$G$2:$G$5001,A3,Apparitions!$E$2:$E$5001,"○")) -> 1 | K3: =IF(A3="","",IFERROR(1/(1/_xlfn.MINIFS(Apparitions!$L$2:$L$5001,Apparitions!$G$2:$G$5001,A3)),"")) -> 35496 | L3: =IF(A3="","",A3&" | "&B3&IF(C3="",""," ("&C3&")")&IF(D3="",""," - "&D3)) -> 2 | Final Fantasy VII (PlayStation) - Aerith, fond fleurs
A4: 3 | B4: Biohazard 2 | C4: PlayStation | D4: Leon & Claire | E4: 2 | F4: EXEMPLE - à supprimer | G4: =IF(B4="","",IFERROR(INDEX(Jeux!$C$2:$C$3001,MATCH(B4,Jeux!$A$2:$A$3001,0))&"","⚠ jeu inconnu")) -> Biohazard | H4: =IF(B4="","",IFERROR(INDEX(Jeux!$D$2:$D$3001,MATCH(B4,Jeux!$A$2:$A$3001,0))&"","")) -> Capcom | I4: =IF(A4="","",COUNTIF(Apparitions!$G$2:$G$5001,A4)) -> 1 | J4: =IF(A4="","",COUNTIFS(Apparitions!$G$2:$G$5001,A4,Apparitions!$E$2:$E$5001,"○")) -> 0 | K4: =IF(A4="","",IFERROR(1/(1/_xlfn.MINIFS(Apparitions!$L$2:$L$5001,Apparitions!$G$2:$G$5001,A4)),"")) -> 35440 | L4: =IF(A4="","",A4&" | "&B4&IF(C4="",""," ("&C4&")")&IF(D4="",""," - "&D4)) -> 3 | Biohazard 2 (PlayStation) - Leon & Claire
A5: 4 | B5: Sakura Taisen | C5: Sega Saturn | D5: Sakura au sabre | E5: 1 | F5: EXEMPLE - à supprimer | G5: =IF(B5="","",IFERROR(INDEX(Jeux!$C$2:$C$3001,MATCH(B5,Jeux!$A$2:$A$3001,0))&"","⚠ jeu inconnu")) -> Sakura Taisen | H5: =IF(B5="","",IFERROR(INDEX(Jeux!$D$2:$D$3001,MATCH(B5,Jeux!$A$2:$A$3001,0))&"","")) -> Sega | I5: =IF(A5="","",COUNTIF(Apparitions!$G$2:$G$5001,A5)) -> 2 | J5: =IF(A5="","",COUNTIFS(Apparitions!$G$2:$G$5001,A5,Apparitions!$E$2:$E$5001,"○")) -> 1 | K5: =IF(A5="","",IFERROR(1/(1/_xlfn.MINIFS(Apparitions!$L$2:$L$5001,Apparitions!$G$2:$G$5001,A5)),"")) -> 35309 | L5: =IF(A5="","",A5&" | "&B5&IF(C5="",""," ("&C5&")")&IF(D5="",""," - "&D5)) -> 4 | Sakura Taisen (Sega Saturn) - Sakura au sabre
A6: 5 | B6: Dragon Quest VII | C6: PlayStation | D6: Logo + illustration | E6: 2 | F6: EXEMPLE - à supprimer | G6: =IF(B6="","",IFERROR(INDEX(Jeux!$C$2:$C$3001,MATCH(B6,Jeux!$A$2:$A$3001,0))&"","⚠ jeu inconnu")) -> Dragon Quest | H6: =IF(B6="","",IFERROR(INDEX(Jeux!$D$2:$D$3001,MATCH(B6,Jeux!$A$2:$A$3001,0))&"","")) -> Enix | I6: =IF(A6="","",COUNTIF(Apparitions!$G$2:$G$5001,A6)) -> 1 | J6: =IF(A6="","",COUNTIFS(Apparitions!$G$2:$G$5001,A6,Apparitions!$E$2:$E$5001,"○")) -> 0 | K6: =IF(A6="","",IFERROR(1/(1/_xlfn.MINIFS(Apparitions!$L$2:$L$5001,Apparitions!$G$2:$G$5001,A6)),"")) | L6: =IF(A6="","",A6&" | "&B6&IF(C6="",""," ("&C6&")")&IF(D6="",""," - "&D6)) -> 5 | Dragon Quest VII (PlayStation) - Logo + illustration
G7: =IF(B7="","",IFERROR(INDEX(Jeux!$C$2:$C$3001,MATCH(B7,Jeux!$A$2:$A$3001,0))&"","⚠ jeu inconnu")) | H7: =IF(B7="","",IFERROR(INDEX(Jeux!$D$2:$D$3001,MATCH(B7,Jeux!$A$2:$A$3001,0))&"","")) | I7: =IF(A7="","",COUNTIF(Apparitions!$G$2:$G$5001,A7)) | J7: =IF(A7="","",COUNTIFS(Apparitions!$G$2:$G$5001,A7,Apparitions!$E$2:$E$5001,"○")) | K7: =IF(A7="","",IFERROR(1/(1/_xlfn.MINIFS(Apparitions!$L$2:$L$5001,Apparitions!$G$2:$G$5001,A7)),"")) | L7: =IF(A7="","",A7&" | "&B7&IF(C7="",""," ("&C7&")")&IF(D7="",""," - "&D7))
G8: =IF(B8="","",IFERROR(INDEX(Jeux!$C$2:$C$3001,MATCH(B8,Jeux!$A$2:$A$3001,0))&"","⚠ jeu inconnu")) | H8: =IF(B8="","",IFERROR(INDEX(Jeux!$D$2:$D$3001,MATCH(B8,Jeux!$A$2:$A$3001,0))&"","")) | I8: =IF(A8="","",COUNTIF(Apparitions!$G$2:$G$5001,A8)) | J8: =IF(A8="","",COUNTIFS(Apparitions!$G$2:$G$5001,A8,Apparitions!$E$2:$E$5001,"○")) | K8: =IF(A8="","",IFERROR(1/(1/_xlfn.MINIFS(Apparitions!$L$2:$L$5001,Apparitions!$G$2:$G$5001,A8)),"")) | L8: =IF(A8="","",A8&" | "&B8&IF(C8="",""," ("&C8&")")&IF(D8="",""," - "&D8))
G9: =IF(B9="","",IFERROR(INDEX(Jeux!$C$2:$C$3001,MATCH(B9,Jeux!$A$2:$A$3001,0))&"","⚠ jeu inconnu")) | H9: =IF(B9="","",IFERROR(INDEX(Jeux!$D$2:$D$3001,MATCH(B9,Jeux!$A$2:$A$3001,0))&"","")) | I9: =IF(A9="","",COUNTIF(Apparitions!$G$2:$G$5001,A9)) | J9: =IF(A9="","",COUNTIFS(Apparitions!$G$2:$G$5001,A9,Apparitions!$E$2:$E$5001,"○")) | K9: =IF(A9="","",IFERROR(1/(1/_xlfn.MINIFS(Apparitions!$L$2:$L$5001,Apparitions!$G$2:$G$5001,A9)),"")) | L9: =IF(A9="","",A9&" | "&B9&IF(C9="",""," ("&C9&")")&IF(D9="",""," - "&D9))
G10: =IF(B10="","",IFERROR(INDEX(Jeux!$C$2:$C$3001,MATCH(B10,Jeux!$A$2:$A$3001,0))&"","⚠ jeu inconnu")) | H10: =IF(B10="","",IFERROR(INDEX(Jeux!$D$2:$D$3001,MATCH(B10,Jeux!$A$2:$A$3001,0))&"","")) | I10: =IF(A10="","",COUNTIF(Apparitions!$G$2:$G$5001,A10)) | J10: =IF(A10="","",COUNTIFS(Apparitions!$G$2:$G$5001,A10,Apparitions!$E$2:$E$5001,"○")) | K10: =IF(A10="","",IFERROR(1/(1/_xlfn.MINIFS(Apparitions!$L$2:$L$5001,Apparitions!$G$2:$G$5001,A10)),"")) | L10: =IF(A10="","",A10&" | "&B10&IF(C10="",""," ("&C10&")")&IF(D10="",""," - "&D10))
G11: =IF(B11="","",IFERROR(INDEX(Jeux!$C$2:$C$3001,MATCH(B11,Jeux!$A$2:$A$3001,0))&"","⚠ jeu inconnu")) | H11: =IF(B11="","",IFERROR(INDEX(Jeux!$D$2:$D$3001,MATCH(B11,Jeux!$A$2:$A$3001,0))&"","")) | I11: =IF(A11="","",COUNTIF(Apparitions!$G$2:$G$5001,A11)) | J11: =IF(A11="","",COUNTIFS(Apparitions!$G$2:$G$5001,A11,Apparitions!$E$2:$E$5001,"○")) | K11: =IF(A11="","",IFERROR(1/(1/_xlfn.MINIFS(Apparitions!$L$2:$L$5001,Apparitions!$G$2:$G$5001,A11)),"")) | L11: =IF(A11="","",A11&" | "&B11&IF(C11="",""," ("&C11&")")&IF(D11="",""," - "&D11))
G12: =IF(B12="","",IFERROR(INDEX(Jeux!$C$2:$C$3001,MATCH(B12,Jeux!$A$2:$A$3001,0))&"","⚠ jeu inconnu")) | H12: =IF(B12="","",IFERROR(INDEX(Jeux!$D$2:$D$3001,MATCH(B12,Jeux!$A$2:$A$3001,0))&"","")) | I12: =IF(A12="","",COUNTIF(Apparitions!$G$2:$G$5001,A12)) | J12: =IF(A12="","",COUNTIFS(Apparitions!$G$2:$G$5001,A12,Apparitions!$E$2:$E$5001,"○")) | K12: =IF(A12="","",IFERROR(1/(1/_xlfn.MINIFS(Apparitions!$L$2:$L$5001,Apparitions!$G$2:$G$5001,A12)),"")) | L12: =IF(A12="","",A12&" | "&B12&IF(C12="",""," ("&C12&")")&IF(D12="",""," - "&D12))
G13: =IF(B13="","",IFERROR(INDEX(Jeux!$C$2:$C$3001,MATCH(B13,Jeux!$A$2:$A$3001,0))&"","⚠ jeu inconnu")) | H13: =IF(B13="","",IFERROR(INDEX(Jeux!$D$2:$D$3001,MATCH(B13,Jeux!$A$2:$A$3001,0))&"","")) | I13: =IF(A13="","",COUNTIF(Apparitions!$G$2:$G$5001,A13)) | J13: =IF(A13="","",COUNTIFS(Apparitions!$G$2:$G$5001,A13,Apparitions!$E$2:$E$5001,"○")) | K13: =IF(A13="","",IFERROR(1/(1/_xlfn.MINIFS(Apparitions!$L$2:$L$5001,Apparitions!$G$2:$G$5001,A13)),"")) | L13: =IF(A13="","",A13&" | "&B13&IF(C13="",""," ("&C13&")")&IF(D13="",""," - "&D13))
G14: =IF(B14="","",IFERROR(INDEX(Jeux!$C$2:$C$3001,MATCH(B14,Jeux!$A$2:$A$3001,0))&"","⚠ jeu inconnu")) | H14: =IF(B14="","",IFERROR(INDEX(Jeux!$D$2:$D$3001,MATCH(B14,Jeux!$A$2:$A$3001,0))&"","")) | I14: =IF(A14="","",COUNTIF(Apparitions!$G$2:$G$5001,A14)) | J14: =IF(A14="","",COUNTIFS(Apparitions!$G$2:$G$5001,A14,Apparitions!$E$2:$E$5001,"○")) | K14: =IF(A14="","",IFERROR(1/(1/_xlfn.MINIFS(Apparitions!$L$2:$L$5001,Apparitions!$G$2:$G$5001,A14)),"")) | L14: =IF(A14="","",A14&" | "&B14&IF(C14="",""," ("&C14&")")&IF(D14="",""," - "&D14))
G15: =IF(B15="","",IFERROR(INDEX(Jeux!$C$2:$C$3001,MATCH(B15,Jeux!$A$2:$A$3001,0))&"","⚠ jeu inconnu")) | H15: =IF(B15="","",IFERROR(INDEX(Jeux!$D$2:$D$3001,MATCH(B15,Jeux!$A$2:$A$3001,0))&"","")) | I15: =IF(A15="","",COUNTIF(Apparitions!$G$2:$G$5001,A15)) | J15: =IF(A15="","",COUNTIFS(Apparitions!$G$2:$G$5001,A15,Apparitions!$E$2:$E$5001,"○")) | K15: =IF(A15="","",IFERROR(1/(1/_xlfn.MINIFS(Apparitions!$L$2:$L$5001,Apparitions!$G$2:$G$5001,A15)),"")) | L15: =IF(A15="","",A15&" | "&B15&IF(C15="",""," ("&C15&")")&IF(D15="",""," - "&D15))
G16: =IF(B16="","",IFERROR(INDEX(Jeux!$C$2:$C$3001,MATCH(B16,Jeux!$A$2:$A$3001,0))&"","⚠ jeu inconnu")) | H16: =IF(B16="","",IFERROR(INDEX(Jeux!$D$2:$D$3001,MATCH(B16,Jeux!$A$2:$A$3001,0))&"","")) | I16: =IF(A16="","",COUNTIF(Apparitions!$G$2:$G$5001,A16)) | J16: =IF(A16="","",COUNTIFS(Apparitions!$G$2:$G$5001,A16,Apparitions!$E$2:$E$5001,"○")) | K16: =IF(A16="","",IFERROR(1/(1/_xlfn.MINIFS(Apparitions!$L$2:$L$5001,Apparitions!$G$2:$G$5001,A16)),"")) | L16: =IF(A16="","",A16&" | "&B16&IF(C16="",""," ("&C16&")")&IF(D16="",""," - "&D16))
G17: =IF(B17="","",IFERROR(INDEX(Jeux!$C$2:$C$3001,MATCH(B17,Jeux!$A$2:$A$3001,0))&"","⚠ jeu inconnu")) | H17: =IF(B17="","",IFERROR(INDEX(Jeux!$D$2:$D$3001,MATCH(B17,Jeux!$A$2:$A$3001,0))&"","")) | I17: =IF(A17="","",COUNTIF(Apparitions!$G$2:$G$5001,A17)) | J17: =IF(A17="","",COUNTIFS(Apparitions!$G$2:$G$5001,A17,Apparitions!$E$2:$E$5001,"○")) | K17: =IF(A17="","",IFERROR(1/(1/_xlfn.MINIFS(Apparitions!$L$2:$L$5001,Apparitions!$G$2:$G$5001,A17)),"")) | L17: =IF(A17="","",A17&" | "&B17&IF(C17="",""," ("&C17&")")&IF(D17="",""," - "&D17))
G18: =IF(B18="","",IFERROR(INDEX(Jeux!$C$2:$C$3001,MATCH(B18,Jeux!$A$2:$A$3001,0))&"","⚠ jeu inconnu")) | H18: =IF(B18="","",IFERROR(INDEX(Jeux!$D$2:$D$3001,MATCH(B18,Jeux!$A$2:$A$3001,0))&"","")) | I18: =IF(A18="","",COUNTIF(Apparitions!$G$2:$G$5001,A18)) | J18: =IF(A18="","",COUNTIFS(Apparitions!$G$2:$G$5001,A18,Apparitions!$E$2:$E$5001,"○")) | K18: =IF(A18="","",IFERROR(1/(1/_xlfn.MINIFS(Apparitions!$L$2:$L$5001,Apparitions!$G$2:$G$5001,A18)),"")) | L18: =IF(A18="","",A18&" | "&B18&IF(C18="",""," ("&C18&")")&IF(D18="",""," - "&D18))
... G3001: =IF(B3001="","",IFERROR(INDEX(Jeux!$C$2:$C$3001,MATCH(B3001,Jeux!$A$2:$A$3001,0))&"","⚠ jeu inconnu")) | H3001: =IF(B3001="","",IFERROR(INDEX(Jeux!$D$2:$D$3001,MATCH(B3001,Jeux!$A$2:$A$3001,0))&"","")) | I3001: =IF(A3001="","",COUNTIF(Apparitions!$G$2:$G$5001,A3001)) | J3001: =IF(A3001="","",COUNTIFS(Apparitions!$G$2:$G$5001,A3001,Apparitions!$E$2:$E$5001,"○")) | K3001: =IF(A3001="","",IFERROR(1/(1/_xlfn.MINIFS(Apparitions!$L$2:$L$5001,Apparitions!$G$2:$G$5001,A3001)),"")) | L3001: =IF(A3001="","",A3001&" | "&B3001&IF(C3001="",""," ("&C3001&")")&IF(D3001="",""," - "&D3001))

Sheet Jeux
A1: Titre | B1: Titre original | C1: Série | D1: Éditeur | E1: Année | F1: Remarques | G1: Nb pubs différentes | H1: Nb apparitions | I1: Dont en vente | J1: 1re parution
A2: Final Fantasy VII | B2: ファイナルファンタジーVII | C2: Final Fantasy | D2: Square | E2: 1997 | F2: EXEMPLE - à supprimer | G2: =IF(A2="","",COUNTIF(Pubs!$B$2:$B$3001,A2)) -> 2 | H2: =IF(A2="","",COUNTIF(Apparitions!$H$2:$H$5001,A2)) -> 4 | I2: =IF(A2="","",COUNTIFS(Apparitions!$H$2:$H$5001,A2,Apparitions!$E$2:$E$5001,"○")) -> 3 | J2: =IF(A2="","",IFERROR(1/(1/_xlfn.MINIFS(Apparitions!$L$2:$L$5001,Apparitions!$H$2:$H$5001,A2)),"")) -> 35433
A3: Biohazard 2 | B3: バイオハザード2 | C3: Biohazard | D3: Capcom | E3: 1998 | F3: EXEMPLE - à supprimer | G3: =IF(A3="","",COUNTIF(Pubs!$B$2:$B$3001,A3)) -> 1 | H3: =IF(A3="","",COUNTIF(Apparitions!$H$2:$H$5001,A3)) -> 1 | I3: =IF(A3="","",COUNTIFS(Apparitions!$H$2:$H$5001,A3,Apparitions!$E$2:$E$5001,"○")) -> 0 | J3: =IF(A3="","",IFERROR(1/(1/_xlfn.MINIFS(Apparitions!$L$2:$L$5001,Apparitions!$H$2:$H$5001,A3)),"")) -> 35440
A4: Sakura Taisen | B4: サクラ大戦 | C4: Sakura Taisen | D4: Sega | E4: 1996 | F4: EXEMPLE - à supprimer | G4: =IF(A4="","",COUNTIF(Pubs!$B$2:$B$3001,A4)) -> 1 | H4: =IF(A4="","",COUNTIF(Apparitions!$H$2:$H$5001,A4)) -> 2 | I4: =IF(A4="","",COUNTIFS(Apparitions!$H$2:$H$5001,A4,Apparitions!$E$2:$E$5001,"○")) -> 1 | J4: =IF(A4="","",IFERROR(1/(1/_xlfn.MINIFS(Apparitions!$L$2:$L$5001,Apparitions!$H$2:$H$5001,A4)),"")) -> 35309
A5: Dragon Quest VII | B5: ドラゴンクエストVII エデンの戦士たち | C5: Dragon Quest | D5: Enix | E5: 2000 | F5: EXEMPLE - à supprimer | G5: =IF(A5="","",COUNTIF(Pubs!$B$2:$B$3001,A5)) -> 1 | H5: =IF(A5="","",COUNTIF(Apparitions!$H$2:$H$5001,A5)) -> 1 | I5: =IF(A5="","",COUNTIFS(Apparitions!$H$2:$H$5001,A5,Apparitions!$E$2:$E$5001,"○")) -> 0 | J5: =IF(A5="","",IFERROR(1/(1/_xlfn.MINIFS(Apparitions!$L$2:$L$5001,Apparitions!$H$2:$H$5001,A5)),""))
G6: =IF(A6="","",COUNTIF(Pubs!$B$2:$B$3001,A6)) | H6: =IF(A6="","",COUNTIF(Apparitions!$H$2:$H$5001,A6)) | I6: =IF(A6="","",COUNTIFS(Apparitions!$H$2:$H$5001,A6,Apparitions!$E$2:$E$5001,"○")) | J6: =IF(A6="","",IFERROR(1/(1/_xlfn.MINIFS(Apparitions!$L$2:$L$5001,Apparitions!$H$2:$H$5001,A6)),""))
G7: =IF(A7="","",COUNTIF(Pubs!$B$2:$B$3001,A7)) | H7: =IF(A7="","",COUNTIF(Apparitions!$H$2:$H$5001,A7)) | I7: =IF(A7="","",COUNTIFS(Apparitions!$H$2:$H$5001,A7,Apparitions!$E$2:$E$5001,"○")) | J7: =IF(A7="","",IFERROR(1/(1/_xlfn.MINIFS(Apparitions!$L$2:$L$5001,Apparitions!$H$2:$H$5001,A7)),""))
G8: =IF(A8="","",COUNTIF(Pubs!$B$2:$B$3001,A8)) | H8: =IF(A8="","",COUNTIF(Apparitions!$H$2:$H$5001,A8)) | I8: =IF(A8="","",COUNTIFS(Apparitions!$H$2:$H$5001,A8,Apparitions!$E$2:$E$5001,"○")) | J8: =IF(A8="","",IFERROR(1/(1/_xlfn.MINIFS(Apparitions!$L$2:$L$5001,Apparitions!$H$2:$H$5001,A8)),""))
G9: =IF(A9="","",COUNTIF(Pubs!$B$2:$B$3001,A9)) | H9: =IF(A9="","",COUNTIF(Apparitions!$H$2:$H$5001,A9)) | I9: =IF(A9="","",COUNTIFS(Apparitions!$H$2:$H$5001,A9,Apparitions!$E$2:$E$5001,"○")) | J9: =IF(A9="","",IFERROR(1/(1/_xlfn.MINIFS(Apparitions!$L$2:$L$5001,Apparitions!$H$2:$H$5001,A9)),""))
G10: =IF(A10="","",COUNTIF(Pubs!$B$2:$B$3001,A10)) | H10: =IF(A10="","",COUNTIF(Apparitions!$H$2:$H$5001,A10)) | I10: =IF(A10="","",COUNTIFS(Apparitions!$H$2:$H$5001,A10,Apparitions!$E$2:$E$5001,"○")) | J10: =IF(A10="","",IFERROR(1/(1/_xlfn.MINIFS(Apparitions!$L$2:$L$5001,Apparitions!$H$2:$H$5001,A10)),""))
G11: =IF(A11="","",COUNTIF(Pubs!$B$2:$B$3001,A11)) | H11: =IF(A11="","",COUNTIF(Apparitions!$H$2:$H$5001,A11)) | I11: =IF(A11="","",COUNTIFS(Apparitions!$H$2:$H$5001,A11,Apparitions!$E$2:$E$5001,"○")) | J11: =IF(A11="","",IFERROR(1/(1/_xlfn.MINIFS(Apparitions!$L$2:$L$5001,Apparitions!$H$2:$H$5001,A11)),""))
G12: =IF(A12="","",COUNTIF(Pubs!$B$2:$B$3001,A12)) | H12: =IF(A12="","",COUNTIF(Apparitions!$H$2:$H$5001,A12)) | I12: =IF(A12="","",COUNTIFS(Apparitions!$H$2:$H$5001,A12,Apparitions!$E$2:$E$5001,"○")) | J12: =IF(A12="","",IFERROR(1/(1/_xlfn.MINIFS(Apparitions!$L$2:$L$5001,Apparitions!$H$2:$H$5001,A12)),""))
G13: =IF(A13="","",COUNTIF(Pubs!$B$2:$B$3001,A13)) | H13: =IF(A13="","",COUNTIF(Apparitions!$H$2:$H$5001,A13)) | I13: =IF(A13="","",COUNTIFS(Apparitions!$H$2:$H$5001,A13,Apparitions!$E$2:$E$5001,"○")) | J13: =IF(A13="","",IFERROR(1/(1/_xlfn.MINIFS(Apparitions!$L$2:$L$5001,Apparitions!$H$2:$H$5001,A13)),""))
G14: =IF(A14="","",COUNTIF(Pubs!$B$2:$B$3001,A14)) | H14: =IF(A14="","",COUNTIF(Apparitions!$H$2:$H$5001,A14)) | I14: =IF(A14="","",COUNTIFS(Apparitions!$H$2:$H$5001,A14,Apparitions!$E$2:$E$5001,"○")) | J14: =IF(A14="","",IFERROR(1/(1/_xlfn.MINIFS(Apparitions!$L$2:$L$5001,Apparitions!$H$2:$H$5001,A14)),""))
G15: =IF(A15="","",COUNTIF(Pubs!$B$2:$B$3001,A15)) | H15: =IF(A15="","",COUNTIF(Apparitions!$H$2:$H$5001,A15)) | I15: =IF(A15="","",COUNTIFS(Apparitions!$H$2:$H$5001,A15,Apparitions!$E$2:$E$5001,"○")) | J15: =IF(A15="","",IFERROR(1/(1/_xlfn.MINIFS(Apparitions!$L$2:$L$5001,Apparitions!$H$2:$H$5001,A15)),""))
G16: =IF(A16="","",COUNTIF(Pubs!$B$2:$B$3001,A16)) | H16: =IF(A16="","",COUNTIF(Apparitions!$H$2:$H$5001,A16)) | I16: =IF(A16="","",COUNTIFS(Apparitions!$H$2:$H$5001,A16,Apparitions!$E$2:$E$5001,"○")) | J16: =IF(A16="","",IFERROR(1/(1/_xlfn.MINIFS(Apparitions!$L$2:$L$5001,Apparitions!$H$2:$H$5001,A16)),""))
G17: =IF(A17="","",COUNTIF(Pubs!$B$2:$B$3001,A17)) | H17: =IF(A17="","",COUNTIF(Apparitions!$H$2:$H$5001,A17)) | I17: =IF(A17="","",COUNTIFS(Apparitions!$H$2:$H$5001,A17,Apparitions!$E$2:$E$5001,"○")) | J17: =IF(A17="","",IFERROR(1/(1/_xlfn.MINIFS(Apparitions!$L$2:$L$5001,Apparitions!$H$2:$H$5001,A17)),""))
... G3001: =IF(A3001="","",COUNTIF(Pubs!$B$2:$B$3001,A3001)) | H3001: =IF(A3001="","",COUNTIF(Apparitions!$H$2:$H$5001,A3001)) | I3001: =IF(A3001="","",COUNTIFS(Apparitions!$H$2:$H$5001,A3001,Apparitions!$E$2:$E$5001,"○")) | J3001: =IF(A3001="","",IFERROR(1/(1/_xlfn.MINIFS(Apparitions!$L$2:$L$5001,Apparitions!$H$2:$H$5001,A3001)),""))

Sheet Numéros
A1: Magazine | B1: Numéro | C1: Date de parution | D1: Remarques | E1: Nb pubs référencées | F1: (clé)
A2: Weekly Famitsu | B2: 421 | C2: 35433 | D2: EXEMPLE - à supprimer | E2: =IF(A2="","",COUNTIFS(Apparitions!$A$2:$A$5001,A2,Apparitions!$B$2:$B$5001,B2)) -> 2 | F2: =IF(A2="","",A2&"|"&B2) -> Weekly Famitsu|421
A3: Weekly Famitsu | B3: 425 | C3: 35461 | D3: EXEMPLE - à supprimer | E3: =IF(A3="","",COUNTIFS(Apparitions!$A$2:$A$5001,A3,Apparitions!$B$2:$B$5001,B3)) -> 1 | F3: =IF(A3="","",A3&"|"&B3) -> Weekly Famitsu|425
A4: Weekly Famitsu | B4: 430 | C4: 35496 | D4: EXEMPLE - à supprimer | E4: =IF(A4="","",COUNTIFS(Apparitions!$A$2:$A$5001,A4,Apparitions!$B$2:$B$5001,B4)) -> 1 | F4: =IF(A4="","",A4&"|"&B4) -> Weekly Famitsu|430
A5: Dengeki PlayStation | B5: 38 | C5: 35440 | D5: EXEMPLE - à supprimer | E5: =IF(A5="","",COUNTIFS(Apparitions!$A$2:$A$5001,A5,Apparitions!$B$2:$B$5001,B5)) -> 2 | F5: =IF(A5="","",A5&"|"&B5) -> Dengeki PlayStation|38
A6: Sega Saturn Magazine | B6: 5 | C6: 35309 | D6: EXEMPLE - à supprimer | E6: =IF(A6="","",COUNTIFS(Apparitions!$A$2:$A$5001,A6,Apparitions!$B$2:$B$5001,B6)) -> 1 | F6: =IF(A6="","",A6&"|"&B6) -> Sega Saturn Magazine|5
E7: =IF(A7="","",COUNTIFS(Apparitions!$A$2:$A$5001,A7,Apparitions!$B$2:$B$5001,B7)) | F7: =IF(A7="","",A7&"|"&B7)
E8: =IF(A8="","",COUNTIFS(Apparitions!$A$2:$A$5001,A8,Apparitions!$B$2:$B$5001,B8)) | F8: =IF(A8="","",A8&"|"&B8)
E9: =IF(A9="","",COUNTIFS(Apparitions!$A$2:$A$5001,A9,Apparitions!$B$2:$B$5001,B9)) | F9: =IF(A9="","",A9&"|"&B9)
E10: =IF(A10="","",COUNTIFS(Apparitions!$A$2:$A$5001,A10,Apparitions!$B$2:$B$5001,B10)) | F10: =IF(A10="","",A10&"|"&B10)
E11: =IF(A11="","",COUNTIFS(Apparitions!$A$2:$A$5001,A11,Apparitions!$B$2:$B$5001,B11)) | F11: =IF(A11="","",A11&"|"&B11)
E12: =IF(A12="","",COUNTIFS(Apparitions!$A$2:$A$5001,A12,Apparitions!$B$2:$B$5001,B12)) | F12: =IF(A12="","",A12&"|"&B12)
E13: =IF(A13="","",COUNTIFS(Apparitions!$A$2:$A$5001,A13,Apparitions!$B$2:$B$5001,B13)) | F13: =IF(A13="","",A13&"|"&B13)
E14: =IF(A14="","",COUNTIFS(Apparitions!$A$2:$A$5001,A14,Apparitions!$B$2:$B$5001,B14)) | F14: =IF(A14="","",A14&"|"&B14)
E15: =IF(A15="","",COUNTIFS(Apparitions!$A$2:$A$5001,A15,Apparitions!$B$2:$B$5001,B15)) | F15: =IF(A15="","",A15&"|"&B15)
E16: =IF(A16="","",COUNTIFS(Apparitions!$A$2:$A$5001,A16,Apparitions!$B$2:$B$5001,B16)) | F16: =IF(A16="","",A16&"|"&B16)
E17: =IF(A17="","",COUNTIFS(Apparitions!$A$2:$A$5001,A17,Apparitions!$B$2:$B$5001,B17)) | F17: =IF(A17="","",A17&"|"&B17)
E18: =IF(A18="","",COUNTIFS(Apparitions!$A$2:$A$5001,A18,Apparitions!$B$2:$B$5001,B18)) | F18: =IF(A18="","",A18&"|"&B18)
... E3001: =IF(A3001="","",COUNTIFS(Apparitions!$A$2:$A$5001,A3001,Apparitions!$B$2:$B$5001,B3001)) | F3001: =IF(A3001="","",A3001&"|"&B3001)

Sheet Magazines
A1: Magazine | B1: Éditeur | C1: Périodicité | D1: Remarques | E1: Nb numéros répertoriés | F1: Nb apparitions | G1: Dont en vente
A2: Weekly Famitsu | B2: ASCII / Enterbrain | C2: Hebdomadaire | E2: =IF(A2="","",COUNTIF(Numéros!$A$2:$A$3001,A2)) -> 3 | F2: =IF(A2="","",COUNTIF(Apparitions!$A$2:$A$5001,A2)) -> 5 | G2: =IF(A2="","",COUNTIFS(Apparitions!$A$2:$A$5001,A2,Apparitions!$E$2:$E$5001,"○")) -> 2
A3: Dengeki PlayStation | B3: MediaWorks | E3: =IF(A3="","",COUNTIF(Numéros!$A$2:$A$3001,A3)) -> 1 | F3: =IF(A3="","",COUNTIF(Apparitions!$A$2:$A$5001,A3)) -> 2 | G3: =IF(A3="","",COUNTIFS(Apparitions!$A$2:$A$5001,A3,Apparitions!$E$2:$E$5001,"○")) -> 1
A4: Sega Saturn Magazine | B4: SoftBank | E4: =IF(A4="","",COUNTIF(Numéros!$A$2:$A$3001,A4)) -> 1 | F4: =IF(A4="","",COUNTIF(Apparitions!$A$2:$A$5001,A4)) -> 1 | G4: =IF(A4="","",COUNTIFS(Apparitions!$A$2:$A$5001,A4,Apparitions!$E$2:$E$5001,"○")) -> 1
E5: =IF(A5="","",COUNTIF(Numéros!$A$2:$A$3001,A5)) | F5: =IF(A5="","",COUNTIF(Apparitions!$A$2:$A$5001,A5)) | G5: =IF(A5="","",COUNTIFS(Apparitions!$A$2:$A$5001,A5,Apparitions!$E$2:$E$5001,"○"))
E6: =IF(A6="","",COUNTIF(Numéros!$A$2:$A$3001,A6)) | F6: =IF(A6="","",COUNTIF(Apparitions!$A$2:$A$5001,A6)) | G6: =IF(A6="","",COUNTIFS(Apparitions!$A$2:$A$5001,A6,Apparitions!$E$2:$E$5001,"○"))
E7: =IF(A7="","",COUNTIF(Numéros!$A$2:$A$3001,A7)) | F7: =IF(A7="","",COUNTIF(Apparitions!$A$2:$A$5001,A7)) | G7: =IF(A7="","",COUNTIFS(Apparitions!$A$2:$A$5001,A7,Apparitions!$E$2:$E$5001,"○"))
E8: =IF(A8="","",COUNTIF(Numéros!$A$2:$A$3001,A8)) | F8: =IF(A8="","",COUNTIF(Apparitions!$A$2:$A$5001,A8)) | G8: =IF(A8="","",COUNTIFS(Apparitions!$A$2:$A$5001,A8,Apparitions!$E$2:$E$5001,"○"))
E9: =IF(A9="","",COUNTIF(Numéros!$A$2:$A$3001,A9)) | F9: =IF(A9="","",COUNTIF(Apparitions!$A$2:$A$5001,A9)) | G9: =IF(A9="","",COUNTIFS(Apparitions!$A$2:$A$5001,A9,Apparitions!$E$2:$E$5001,"○"))
E10: =IF(A10="","",COUNTIF(Numéros!$A$2:$A$3001,A10)) | F10: =IF(A10="","",COUNTIF(Apparitions!$A$2:$A$5001,A10)) | G10: =IF(A10="","",COUNTIFS(Apparitions!$A$2:$A$5001,A10,Apparitions!$E$2:$E$5001,"○"))
E11: =IF(A11="","",COUNTIF(Numéros!$A$2:$A$3001,A11)) | F11: =IF(A11="","",COUNTIF(Apparitions!$A$2:$A$5001,A11)) | G11: =IF(A11="","",COUNTIFS(Apparitions!$A$2:$A$5001,A11,Apparitions!$E$2:$E$5001,"○"))
E12: =IF(A12="","",COUNTIF(Numéros!$A$2:$A$3001,A12)) | F12: =IF(A12="","",COUNTIF(Apparitions!$A$2:$A$5001,A12)) | G12: =IF(A12="","",COUNTIFS(Apparitions!$A$2:$A$5001,A12,Apparitions!$E$2:$E$5001,"○"))
E13: =IF(A13="","",COUNTIF(Numéros!$A$2:$A$3001,A13)) | F13: =IF(A13="","",COUNTIF(Apparitions!$A$2:$A$5001,A13)) | G13: =IF(A13="","",COUNTIFS(Apparitions!$A$2:$A$5001,A13,Apparitions!$E$2:$E$5001,"○"))
E14: =IF(A14="","",COUNTIF(Numéros!$A$2:$A$3001,A14)) | F14: =IF(A14="","",COUNTIF(Apparitions!$A$2:$A$5001,A14)) | G14: =IF(A14="","",COUNTIFS(Apparitions!$A$2:$A$5001,A14,Apparitions!$E$2:$E$5001,"○"))
E15: =IF(A15="","",COUNTIF(Numéros!$A$2:$A$3001,A15)) | F15: =IF(A15="","",COUNTIF(Apparitions!$A$2:$A$5001,A15)) | G15: =IF(A15="","",COUNTIFS(Apparitions!$A$2:$A$5001,A15,Apparitions!$E$2:$E$5001,"○"))
E16: =IF(A16="","",COUNTIF(Numéros!$A$2:$A$3001,A16)) | F16: =IF(A16="","",COUNTIF(Apparitions!$A$2:$A$5001,A16)) | G16: =IF(A16="","",COUNTIFS(Apparitions!$A$2:$A$5001,A16,Apparitions!$E$2:$E$5001,"○"))
... E301: =IF(A301="","",COUNTIF(Numéros!$A$2:$A$3001,A301)) | F301: =IF(A301="","",COUNTIF(Apparitions!$A$2:$A$5001,A301)) | G301: =IF(A301="","",COUNTIFS(Apparitions!$A$2:$A$5001,A301,Apparitions!$E$2:$E$5001,"○"))

Sheet Séries
A1: Série | B1: Remarques | C1: Nb jeux | D1: Nb pubs différentes | E1: Nb apparitions
A2: Final Fantasy | C2: =IF(A2="","",COUNTIF(Jeux!$C$2:$C$3001,A2)) -> 1 | D2: =IF(A2="","",COUNTIF(Pubs!$G$2:$G$3001,A2)) -> 2 | E2: =IF(A2="","",COUNTIF(Apparitions!$J$2:$J$5001,A2)) -> 4
A3: Dragon Quest | C3: =IF(A3="","",COUNTIF(Jeux!$C$2:$C$3001,A3)) -> 1 | D3: =IF(A3="","",COUNTIF(Pubs!$G$2:$G$3001,A3)) -> 1 | E3: =IF(A3="","",COUNTIF(Apparitions!$J$2:$J$5001,A3)) -> 1
A4: Biohazard | C4: =IF(A4="","",COUNTIF(Jeux!$C$2:$C$3001,A4)) -> 1 | D4: =IF(A4="","",COUNTIF(Pubs!$G$2:$G$3001,A4)) -> 1 | E4: =IF(A4="","",COUNTIF(Apparitions!$J$2:$J$5001,A4)) -> 1
A5: Sakura Taisen | C5: =IF(A5="","",COUNTIF(Jeux!$C$2:$C$3001,A5)) -> 1 | D5: =IF(A5="","",COUNTIF(Pubs!$G$2:$G$3001,A5)) -> 1 | E5: =IF(A5="","",COUNTIF(Apparitions!$J$2:$J$5001,A5)) -> 2
C6: =IF(A6="","",COUNTIF(Jeux!$C$2:$C$3001,A6)) | D6: =IF(A6="","",COUNTIF(Pubs!$G$2:$G$3001,A6)) | E6: =IF(A6="","",COUNTIF(Apparitions!$J$2:$J$5001,A6))
C7: =IF(A7="","",COUNTIF(Jeux!$C$2:$C$3001,A7)) | D7: =IF(A7="","",COUNTIF(Pubs!$G$2:$G$3001,A7)) | E7: =IF(A7="","",COUNTIF(Apparitions!$J$2:$J$5001,A7))
C8: =IF(A8="","",COUNTIF(Jeux!$C$2:$C$3001,A8)) | D8: =IF(A8="","",COUNTIF(Pubs!$G$2:$G$3001,A8)) | E8: =IF(A8="","",COUNTIF(Apparitions!$J$2:$J$5001,A8))
C9: =IF(A9="","",COUNTIF(Jeux!$C$2:$C$3001,A9)) | D9: =IF(A9="","",COUNTIF(Pubs!$G$2:$G$3001,A9)) | E9: =IF(A9="","",COUNTIF(Apparitions!$J$2:$J$5001,A9))
C10: =IF(A10="","",COUNTIF(Jeux!$C$2:$C$3001,A10)) | D10: =IF(A10="","",COUNTIF(Pubs!$G$2:$G$3001,A10)) | E10: =IF(A10="","",COUNTIF(Apparitions!$J$2:$J$5001,A10))
C11: =IF(A11="","",COUNTIF(Jeux!$C$2:$C$3001,A11)) | D11: =IF(A11="","",COUNTIF(Pubs!$G$2:$G$3001,A11)) | E11: =IF(A11="","",COUNTIF(Apparitions!$J$2:$J$5001,A11))
C12: =IF(A12="","",COUNTIF(Jeux!$C$2:$C$3001,A12)) | D12: =IF(A12="","",COUNTIF(Pubs!$G$2:$G$3001,A12)) | E12: =IF(A12="","",COUNTIF(Apparitions!$J$2:$J$5001,A12))
C13: =IF(A13="","",COUNTIF(Jeux!$C$2:$C$3001,A13)) | D13: =IF(A13="","",COUNTIF(Pubs!$G$2:$G$3001,A13)) | E13: =IF(A13="","",COUNTIF(Apparitions!$J$2:$J$5001,A13))
C14: =IF(A14="","",COUNTIF(Jeux!$C$2:$C$3001,A14)) | D14: =IF(A14="","",COUNTIF(Pubs!$G$2:$G$3001,A14)) | E14: =IF(A14="","",COUNTIF(Apparitions!$J$2:$J$5001,A14))
C15: =IF(A15="","",COUNTIF(Jeux!$C$2:$C$3001,A15)) | D15: =IF(A15="","",COUNTIF(Pubs!$G$2:$G$3001,A15)) | E15: =IF(A15="","",COUNTIF(Apparitions!$J$2:$J$5001,A15))
C16: =IF(A16="","",COUNTIF(Jeux!$C$2:$C$3001,A16)) | D16: =IF(A16="","",COUNTIF(Pubs!$G$2:$G$3001,A16)) | E16: =IF(A16="","",COUNTIF(Apparitions!$J$2:$J$5001,A16))
C17: =IF(A17="","",COUNTIF(Jeux!$C$2:$C$3001,A17)) | D17: =IF(A17="","",COUNTIF(Pubs!$G$2:$G$3001,A17)) | E17: =IF(A17="","",COUNTIF(Apparitions!$J$2:$J$5001,A17))
... C1001: =IF(A1001="","",COUNTIF(Jeux!$C$2:$C$3001,A1001)) | D1001: =IF(A1001="","",COUNTIF(Pubs!$G$2:$G$3001,A1001)) | E1001: =IF(A1001="","",COUNTIF(Apparitions!$J$2:$J$5001,A1001))

Sheet Plateformes
A1: Plateforme | B1: Constructeur | C1: Remarques | D1: Nb pubs différentes | E1: Nb apparitions
A2: Famicom | B2: Nintendo | D2: =IF(A2="","",COUNTIF(Pubs!$C$2:$C$3001,A2)) -> 0 | E2: =IF(A2="","",COUNTIF(Apparitions!$I$2:$I$5001,A2)) -> 0
A3: Super Famicom | B3: Nintendo | D3: =IF(A3="","",COUNTIF(Pubs!$C$2:$C$3001,A3)) -> 0 | E3: =IF(A3="","",COUNTIF(Apparitions!$I$2:$I$5001,A3)) -> 0
A4: Nintendo 64 | B4: Nintendo | D4: =IF(A4="","",COUNTIF(Pubs!$C$2:$C$3001,A4)) -> 0 | E4: =IF(A4="","",COUNTIF(Apparitions!$I$2:$I$5001,A4)) -> 0
A5: GameCube | B5: Nintendo | D5: =IF(A5="","",COUNTIF(Pubs!$C$2:$C$3001,A5)) -> 0 | E5: =IF(A5="","",COUNTIF(Apparitions!$I$2:$I$5001,A5)) -> 0
A6: Wii | B6: Nintendo | D6: =IF(A6="","",COUNTIF(Pubs!$C$2:$C$3001,A6)) -> 0 | E6: =IF(A6="","",COUNTIF(Apparitions!$I$2:$I$5001,A6)) -> 0
A7: Wii U | B7: Nintendo | D7: =IF(A7="","",COUNTIF(Pubs!$C$2:$C$3001,A7)) -> 0 | E7: =IF(A7="","",COUNTIF(Apparitions!$I$2:$I$5001,A7)) -> 0
A8: Switch | B8: Nintendo | D8: =IF(A8="","",COUNTIF(Pubs!$C$2:$C$3001,A8)) -> 0 | E8: =IF(A8="","",COUNTIF(Apparitions!$I$2:$I$5001,A8)) -> 0
A9: Game Boy | B9: Nintendo | D9: =IF(A9="","",COUNTIF(Pubs!$C$2:$C$3001,A9)) -> 0 | E9: =IF(A9="","",COUNTIF(Apparitions!$I$2:$I$5001,A9)) -> 0
A10: Game Boy Color | B10: Nintendo | D10: =IF(A10="","",COUNTIF(Pubs!$C$2:$C$3001,A10)) -> 0 | E10: =IF(A10="","",COUNTIF(Apparitions!$I$2:$I$5001,A10)) -> 0
A11: Game Boy Advance | B11: Nintendo | D11: =IF(A11="","",COUNTIF(Pubs!$C$2:$C$3001,A11)) -> 0 | E11: =IF(A11="","",COUNTIF(Apparitions!$I$2:$I$5001,A11)) -> 0
A12: Nintendo DS | B12: Nintendo | D12: =IF(A12="","",COUNTIF(Pubs!$C$2:$C$3001,A12)) -> 0 | E12: =IF(A12="","",COUNTIF(Apparitions!$I$2:$I$5001,A12)) -> 0
A13: Nintendo 3DS | B13: Nintendo | D13: =IF(A13="","",COUNTIF(Pubs!$C$2:$C$3001,A13)) -> 0 | E13: =IF(A13="","",COUNTIF(Apparitions!$I$2:$I$5001,A13)) -> 0
... A40: Xbox 360 | B40: Microsoft | D40: =IF(A40="","",COUNTIF(Pubs!$C$2:$C$3001,A40)) -> 0 | E40: =IF(A40="","",COUNTIF(Apparitions!$I$2:$I$5001,A40)) -> 0
A41: MSX | D41: =IF(A41="","",COUNTIF(Pubs!$C$2:$C$3001,A41)) -> 0 | E41: =IF(A41="","",COUNTIF(Apparitions!$I$2:$I$5001,A41)) -> 0
A42: PC-8801 | B42: NEC | D42: =IF(A42="","",COUNTIF(Pubs!$C$2:$C$3001,A42)) -> 0 | E42: =IF(A42="","",COUNTIF(Apparitions!$I$2:$I$5001,A42)) -> 0
A43: PC-9801 | B43: NEC | D43: =IF(A43="","",COUNTIF(Pubs!$C$2:$C$3001,A43)) -> 0 | E43: =IF(A43="","",COUNTIF(Apparitions!$I$2:$I$5001,A43)) -> 0
A44: X68000 | B44: Sharp | D44: =IF(A44="","",COUNTIF(Pubs!$C$2:$C$3001,A44)) -> 0 | E44: =IF(A44="","",COUNTIF(Apparitions!$I$2:$I$5001,A44)) -> 0
A45: FM Towns | B45: Fujitsu | D45: =IF(A45="","",COUNTIF(Pubs!$C$2:$C$3001,A45)) -> 0 | E45: =IF(A45="","",COUNTIF(Apparitions!$I$2:$I$5001,A45)) -> 0
A46: PC (Windows) | D46: =IF(A46="","",COUNTIF(Pubs!$C$2:$C$3001,A46)) -> 0 | E46: =IF(A46="","",COUNTIF(Apparitions!$I$2:$I$5001,A46)) -> 0
A47: Arcade | D47: =IF(A47="","",COUNTIF(Pubs!$C$2:$C$3001,A47)) -> 0 | E47: =IF(A47="","",COUNTIF(Apparitions!$I$2:$I$5001,A47)) -> 0
A48: Multi-plateformes | D48: =IF(A48="","",COUNTIF(Pubs!$C$2:$C$3001,A48)) -> 0 | E48: =IF(A48="","",COUNTIF(Apparitions!$I$2:$I$5001,A48)) -> 0
D49: =IF(A49="","",COUNTIF(Pubs!$C$2:$C$3001,A49)) | E49: =IF(A49="","",COUNTIF(Apparitions!$I$2:$I$5001,A49))
D50: =IF(A50="","",COUNTIF(Pubs!$C$2:$C$3001,A50)) | E50: =IF(A50="","",COUNTIF(Apparitions!$I$2:$I$5001,A50))
D51: =IF(A51="","",COUNTIF(Pubs!$C$2:$C$3001,A51)) | E51: =IF(A51="","",COUNTIF(Apparitions!$I$2:$I$5001,A51))
D52: =IF(A52="","",COUNTIF(Pubs!$C$2:$C$3001,A52)) | E52: =IF(A52="","",COUNTIF(Apparitions!$I$2:$I$5001,A52))
D53: =IF(A53="","",COUNTIF(Pubs!$C$2:$C$3001,A53)) | E53: =IF(A53="","",COUNTIF(Apparitions!$I$2:$I$5001,A53))
D54: =IF(A54="","",COUNTIF(Pubs!$C$2:$C$3001,A54)) | E54: =IF(A54="","",COUNTIF(Apparitions!$I$2:$I$5001,A54))
D55: =IF(A55="","",COUNTIF(Pubs!$C$2:$C$3001,A55)) | E55: =IF(A55="","",COUNTIF(Apparitions!$I$2:$I$5001,A55))
D56: =IF(A56="","",COUNTIF(Pubs!$C$2:$C$3001,A56)) | E56: =IF(A56="","",COUNTIF(Apparitions!$I$2:$I$5001,A56))
D57: =IF(A57="","",COUNTIF(Pubs!$C$2:$C$3001,A57)) | E57: =IF(A57="","",COUNTIF(Apparitions!$I$2:$I$5001,A57))
D58: =IF(A58="","",COUNTIF(Pubs!$C$2:$C$3001,A58)) | E58: =IF(A58="","",COUNTIF(Apparitions!$I$2:$I$5001,A58))
D59: =IF(A59="","",COUNTIF(Pubs!$C$2:$C$3001,A59)) | E59: =IF(A59="","",COUNTIF(Apparitions!$I$2:$I$5001,A59))
D60: =IF(A60="","",COUNTIF(Pubs!$C$2:$C$3001,A60)) | E60: =IF(A60="","",COUNTIF(Apparitions!$I$2:$I$5001,A60))
... D201: =IF(A201="","",COUNTIF(Pubs!$C$2:$C$3001,A201)) | E201: =IF(A201="","",COUNTIF(Apparitions!$I$2:$I$5001,A201))
